"Step","train/loss","good-gorge-19 - train/loss__MIN","good-gorge-19 - train/loss__MAX","eval/loss","good-gorge-19 - eval/loss__MIN","good-gorge-19 - eval/loss__MAX"
"0","2.0017","2.0017","2.0017","","",""
"1","1.6218","1.6218","1.6218","","",""
"2","1.6094","1.6094","1.6094","","",""
"3","1.9611","1.9611","1.9611","","",""
"4","2.1795","2.1795","2.1795","","",""
"5","2.2477","2.2477","2.2477","","",""
"6","2.3357","2.3357","2.3357","","",""
"7","1.3816","1.3816","1.3816","","",""
"8","1.6834","1.6834","1.6834","","",""
"9","2.2503","2.2503","2.2503","","",""
"10","1.6319","1.6319","1.6319","","",""
"11","2.1027","2.1027","2.1027","","",""
"12","1.2962","1.2962","1.2962","","",""
"13","2.5683","2.5683","2.5683","","",""
"14","1.8731","1.8731","1.8731","","",""
"15","2.1844","2.1844","2.1844","","",""
"16","1.8754","1.8754","1.8754","","",""
"17","1.375","1.375","1.375","","",""
"18","2.0534","2.0534","2.0534","","",""
"19","2.3257","2.3257","2.3257","","",""
"20","1.931","1.931","1.931","","",""
"21","1.8464","1.8464","1.8464","","",""
"22","1.5419","1.5419","1.5419","","",""
"23","1.8733","1.8733","1.8733","","",""
"24","1.7018","1.7018","1.7018","","",""
"25","2.1395","2.1395","2.1395","","",""
"26","2.3041","2.3041","2.3041","","",""
"27","1.7305","1.7305","1.7305","","",""
"28","1.3947","1.3947","1.3947","","",""
"29","2.2278","2.2278","2.2278","","",""
"30","1.4773","1.4773","1.4773","","",""
"31","1.8521","1.8521","1.8521","","",""
"32","2.086","2.086","2.086","","",""
"33","1.1021","1.1021","1.1021","","",""
"34","2.0067","2.0067","2.0067","","",""
"35","2.1969","2.1969","2.1969","","",""
"36","1.8823","1.8823","1.8823","","",""
"37","1.9534","1.9534","1.9534","","",""
"38","1.9708","1.9708","1.9708","","",""
"39","1.8235","1.8235","1.8235","","",""
"40","1.4559","1.4559","1.4559","","",""
"41","1.9111","1.9111","1.9111","","",""
"42","1.8374","1.8374","1.8374","","",""
"43","1.0042","1.0042","1.0042","","",""
"44","2.1872","2.1872","2.1872","","",""
"45","1.3567","1.3567","1.3567","","",""
"46","1.876","1.876","1.876","","",""
"47","1.9809","1.9809","1.9809","","",""
"48","1.5922","1.5922","1.5922","","",""
"49","1.7056","1.7056","1.7056","","",""
"50","1.8927","1.8927","1.8927","","",""
"51","1.6636","1.6636","1.6636","","",""
"52","1.3013","1.3013","1.3013","","",""
"53","1.9761","1.9761","1.9761","","",""
"54","1.1797","1.1797","1.1797","","",""
"55","2.161","2.161","2.161","","",""
"56","1.7434","1.7434","1.7434","","",""
"57","1.9146","1.9146","1.9146","","",""
"58","1.1069","1.1069","1.1069","","",""
"59","1.946","1.946","1.946","","",""
"60","2.2318","2.2318","2.2318","","",""
"61","1.6636","1.6636","1.6636","","",""
"62","1.6613","1.6613","1.6613","","",""
"63","1.1834","1.1834","1.1834","","",""
"64","0.888","0.888","0.888","","",""
"65","1.508","1.508","1.508","","",""
"66","1.1777","1.1777","1.1777","","",""
"67","1.6411","1.6411","1.6411","","",""
"68","1.9151","1.9151","1.9151","","",""
"69","1.8085","1.8085","1.8085","","",""
"70","1.0967","1.0967","1.0967","","",""
"71","0.817","0.817","0.817","","",""
"72","1.8746","1.8746","1.8746","","",""
"73","1.972","1.972","1.972","","",""
"74","1.3383","1.3383","1.3383","","",""
"75","0.8798","0.8798","0.8798","","",""
"76","1.2544","1.2544","1.2544","","",""
"77","2.0942","2.0942","2.0942","","",""
"78","1.6537","1.6537","1.6537","","",""
"79","1.8762","1.8762","1.8762","","",""
"80","1.6943","1.6943","1.6943","","",""
"81","1.5903","1.5903","1.5903","","",""
"82","1.5783","1.5783","1.5783","","",""
"83","1.7233","1.7233","1.7233","","",""
"84","1.2827","1.2827","1.2827","","",""
"85","1.6035","1.6035","1.6035","","",""
"86","1.7669","1.7669","1.7669","","",""
"87","1.5221","1.5221","1.5221","","",""
"88","2.2882","2.2882","2.2882","","",""
"89","1.5375","1.5375","1.5375","","",""
"90","1.8112","1.8112","1.8112","","",""
"91","1.7134","1.7134","1.7134","","",""
"92","1.6646","1.6646","1.6646","","",""
"93","1.812","1.812","1.812","","",""
"94","1.1668","1.1668","1.1668","","",""
"95","0.83","0.83","0.83","","",""
"96","1.5018","1.5018","1.5018","","",""
"97","1.7924","1.7924","1.7924","","",""
"98","2.1458","2.1458","2.1458","","",""
"99","1.3432","1.3432","1.3432","","",""
"100","","","","1.8033612966537476","1.8033612966537476","1.8033612966537476"
"101","2.043","2.043","2.043","","",""
"102","1.7348","1.7348","1.7348","","",""
"103","0.822","0.822","0.822","","",""
"104","1.6734","1.6734","1.6734","","",""
"105","1.8243","1.8243","1.8243","","",""
"106","1.8124","1.8124","1.8124","","",""
"107","1.998","1.998","1.998","","",""
"108","1.8732","1.8732","1.8732","","",""
"109","1.5593","1.5593","1.5593","","",""
"110","1.6786","1.6786","1.6786","","",""
"111","1.5246","1.5246","1.5246","","",""
"112","2.228","2.228","2.228","","",""
"113","1.5538","1.5538","1.5538","","",""
"114","0.7733","0.7733","0.7733","","",""
"115","1.6106","1.6106","1.6106","","",""
"116","2.3163","2.3163","2.3163","","",""
"117","1.3671","1.3671","1.3671","","",""
"118","1.3416","1.3416","1.3416","","",""
"119","1.7111","1.7111","1.7111","","",""
"120","1.8072","1.8072","1.8072","","",""
"121","1.6134","1.6134","1.6134","","",""
"122","1.4123","1.4123","1.4123","","",""
"123","1.0935","1.0935","1.0935","","",""
"124","2.3532","2.3532","2.3532","","",""
"125","1.7947","1.7947","1.7947","","",""
"126","2.0439","2.0439","2.0439","","",""
"127","1.4762","1.4762","1.4762","","",""
"128","1.47","1.47","1.47","","",""
"129","1.605","1.605","1.605","","",""
"130","0.7083","0.7083","0.7083","","",""
"131","1.4808","1.4808","1.4808","","",""
"132","1.9389","1.9389","1.9389","","",""
"133","1.2025","1.2025","1.2025","","",""
"134","1.889","1.889","1.889","","",""
"135","1.7353","1.7353","1.7353","","",""
"136","0.7927","0.7927","0.7927","","",""
"137","0.9867","0.9867","0.9867","","",""
"138","2.0484","2.0484","2.0484","","",""
"139","0.9493","0.9493","0.9493","","",""
"140","1.9814","1.9814","1.9814","","",""
"141","1.5969","1.5969","1.5969","","",""
"142","1.4788","1.4788","1.4788","","",""
"143","1.0823","1.0823","1.0823","","",""
"144","1.6452","1.6452","1.6452","","",""
"145","1.7586","1.7586","1.7586","","",""
"146","1.3854","1.3854","1.3854","","",""
"147","1.8678","1.8678","1.8678","","",""
"148","1.4401","1.4401","1.4401","","",""
"149","1.911","1.911","1.911","","",""
"150","1.404","1.404","1.404","","",""
"151","2.1678","2.1678","2.1678","","",""
"152","1.2458","1.2458","1.2458","","",""
"153","2.051","2.051","2.051","","",""
"154","0.8262","0.8262","0.8262","","",""
"155","1.5999","1.5999","1.5999","","",""
"156","1.2227","1.2227","1.2227","","",""
"157","1.5209","1.5209","1.5209","","",""
"158","1.918","1.918","1.918","","",""
"159","1.6297","1.6297","1.6297","","",""
"160","1.9241","1.9241","1.9241","","",""
"161","0.9699","0.9699","0.9699","","",""
"162","1.6427","1.6427","1.6427","","",""
"163","1.5028","1.5028","1.5028","","",""
"164","1.6163","1.6163","1.6163","","",""
"165","1.8112","1.8112","1.8112","","",""
"166","2.195","2.195","2.195","","",""
"167","0.7984","0.7984","0.7984","","",""
"168","1.9702","1.9702","1.9702","","",""
"169","1.7731","1.7731","1.7731","","",""
"170","1.4172","1.4172","1.4172","","",""
"171","1.9445","1.9445","1.9445","","",""
"172","1.6826","1.6826","1.6826","","",""
"173","1.691","1.691","1.691","","",""
"174","1.7311","1.7311","1.7311","","",""
"175","1.8085","1.8085","1.8085","","",""
"176","1.6964","1.6964","1.6964","","",""
"177","1.1929","1.1929","1.1929","","",""
"178","1.5132","1.5132","1.5132","","",""
"179","2.1468","2.1468","2.1468","","",""
"180","1.6711","1.6711","1.6711","","",""
"181","1.7305","1.7305","1.7305","","",""
"182","1.9643","1.9643","1.9643","","",""
"183","1.9251","1.9251","1.9251","","",""
"184","1.0072","1.0072","1.0072","","",""
"185","1.7853","1.7853","1.7853","","",""
"186","0.7253","0.7253","0.7253","","",""
"187","1.8075","1.8075","1.8075","","",""
"188","1.8001","1.8001","1.8001","","",""
"189","1.7989","1.7989","1.7989","","",""
"190","1.6157","1.6157","1.6157","","",""
"191","1.5469","1.5469","1.5469","","",""
"192","1.5623","1.5623","1.5623","","",""
"193","1.9561","1.9561","1.9561","","",""
"194","2.0271","2.0271","2.0271","","",""
"195","1.6538","1.6538","1.6538","","",""
"196","1.8312","1.8312","1.8312","","",""
"197","1.7753","1.7753","1.7753","","",""
"198","1.8676","1.8676","1.8676","","",""
"199","1.6097","1.6097","1.6097","","",""
"200","1.3087","1.3087","1.3087","","",""
"201","","","","1.7548612356185913","1.7548612356185913","1.7548612356185913"
"202","2.1636","2.1636","2.1636","","",""
"203","1.4551","1.4551","1.4551","","",""
"204","1.4571","1.4571","1.4571","","",""
"205","1.8285","1.8285","1.8285","","",""
"206","1.4879","1.4879","1.4879","","",""
"207","1.0735","1.0735","1.0735","","",""
"208","1.8009","1.8009","1.8009","","",""
"209","1.5546","1.5546","1.5546","","",""
"210","1.411","1.411","1.411","","",""
"211","1.6326","1.6326","1.6326","","",""
"212","1.6253","1.6253","1.6253","","",""
"213","1.2737","1.2737","1.2737","","",""
"214","2.0718","2.0718","2.0718","","",""
"215","1.5945","1.5945","1.5945","","",""
"216","1.8234","1.8234","1.8234","","",""
"217","1.113","1.113","1.113","","",""
"218","1.404","1.404","1.404","","",""
"219","1.8868","1.8868","1.8868","","",""
"220","1.866","1.866","1.866","","",""
"221","1.5161","1.5161","1.5161","","",""
"222","2.1169","2.1169","2.1169","","",""
"223","1.0666","1.0666","1.0666","","",""
"224","1.7875","1.7875","1.7875","","",""
"225","1.3971","1.3971","1.3971","","",""
"226","0.6804","0.6804","0.6804","","",""
"227","2.0351","2.0351","2.0351","","",""
"228","1.5876","1.5876","1.5876","","",""
"229","1.8081","1.8081","1.8081","","",""
"230","1.6942","1.6942","1.6942","","",""
"231","1.7267","1.7267","1.7267","","",""
"232","1.7608","1.7608","1.7608","","",""
"233","1.7933","1.7933","1.7933","","",""
"234","1.4029","1.4029","1.4029","","",""
"235","1.6129","1.6129","1.6129","","",""
"236","1.4574","1.4574","1.4574","","",""
"237","1.5052","1.5052","1.5052","","",""
"238","1.6917","1.6917","1.6917","","",""
"239","2.0762","2.0762","2.0762","","",""
"240","1.3944","1.3944","1.3944","","",""
"241","1.4007","1.4007","1.4007","","",""
"242","1.9185","1.9185","1.9185","","",""
"243","1.4805","1.4805","1.4805","","",""
"244","1.7217","1.7217","1.7217","","",""
"245","1.7763","1.7763","1.7763","","",""
"246","1.7888","1.7888","1.7888","","",""
"247","1.4693","1.4693","1.4693","","",""
"248","1.4243","1.4243","1.4243","","",""
"249","1.1492","1.1492","1.1492","","",""
"250","1.3636","1.3636","1.3636","","",""
"251","1.5522","1.5522","1.5522","","",""
"252","1.5886","1.5886","1.5886","","",""
"253","1.7217","1.7217","1.7217","","",""
"254","0.9539","0.9539","0.9539","","",""
"255","1.3255","1.3255","1.3255","","",""
"256","1.5938","1.5938","1.5938","","",""
"257","1.7107","1.7107","1.7107","","",""
"258","0.7308","0.7308","0.7308","","",""
"259","1.0867","1.0867","1.0867","","",""
"260","0.9797","0.9797","0.9797","","",""
"261","1.7075","1.7075","1.7075","","",""
"262","1.9043","1.9043","1.9043","","",""
"263","1.5734","1.5734","1.5734","","",""
"264","0.6978","0.6978","0.6978","","",""
"265","1.4012","1.4012","1.4012","","",""
"266","1.6231","1.6231","1.6231","","",""
"267","1.7174","1.7174","1.7174","","",""
"268","1.861","1.861","1.861","","",""
"269","0.7214","0.7214","0.7214","","",""
"270","1.9295","1.9295","1.9295","","",""
"271","1.6217","1.6217","1.6217","","",""
"272","0.7723","0.7723","0.7723","","",""
"273","0.7728","0.7728","0.7728","","",""
"274","1.9452","1.9452","1.9452","","",""
"275","1.6184","1.6184","1.6184","","",""
"276","2.0169","2.0169","2.0169","","",""
"277","1.5459","1.5459","1.5459","","",""
"278","1.8755","1.8755","1.8755","","",""
"279","1.6758","1.6758","1.6758","","",""
"280","1.7297","1.7297","1.7297","","",""
"281","1.7932","1.7932","1.7932","","",""
"282","1.7842","1.7842","1.7842","","",""
"283","2.0976","2.0976","2.0976","","",""
"284","1.2241","1.2241","1.2241","","",""
"285","1.9389","1.9389","1.9389","","",""
"286","2.14","2.14","2.14","","",""
"287","1.7597","1.7597","1.7597","","",""
"288","1.6041","1.6041","1.6041","","",""
"289","0.6513","0.6513","0.6513","","",""
"290","2.1041","2.1041","2.1041","","",""
"291","1.5263","1.5263","1.5263","","",""
"292","1.7571","1.7571","1.7571","","",""
"293","1.5309","1.5309","1.5309","","",""
"294","0.9485","0.9485","0.9485","","",""
"295","1.9943","1.9943","1.9943","","",""
"296","1.7196","1.7196","1.7196","","",""
"297","1.0584","1.0584","1.0584","","",""
"298","1.5553","1.5553","1.5553","","",""
"299","2.0659","2.0659","2.0659","","",""
"300","0.7353","0.7353","0.7353","","",""
"301","1.6987","1.6987","1.6987","","",""
"302","","","","1.7259949445724487","1.7259949445724487","1.7259949445724487"
"303","1.4459","1.4459","1.4459","","",""
"304","1.7538","1.7538","1.7538","","",""
"305","2.0279","2.0279","2.0279","","",""
"306","1.5814","1.5814","1.5814","","",""
"307","2.0282","2.0282","2.0282","","",""
"308","1.6937","1.6937","1.6937","","",""
"309","1.6974","1.6974","1.6974","","",""
"310","1.9607","1.9607","1.9607","","",""
"311","0.7525","0.7525","0.7525","","",""
"312","1.6891","1.6891","1.6891","","",""
"313","1.8048","1.8048","1.8048","","",""
"314","1.9255","1.9255","1.9255","","",""
"315","0.6682","0.6682","0.6682","","",""
"316","0.9954","0.9954","0.9954","","",""
"317","1.1197","1.1197","1.1197","","",""
"318","1.5871","1.5871","1.5871","","",""
"319","1.9346","1.9346","1.9346","","",""
"320","1.6441","1.6441","1.6441","","",""
"321","2.0429","2.0429","2.0429","","",""
"322","1.2184","1.2184","1.2184","","",""
"323","1.6149","1.6149","1.6149","","",""
"324","0.6437","0.6437","0.6437","","",""
"325","0.7601","0.7601","0.7601","","",""
"326","0.7461","0.7461","0.7461","","",""
"327","1.5989","1.5989","1.5989","","",""
"328","1.5001","1.5001","1.5001","","",""
"329","1.5211","1.5211","1.5211","","",""
"330","1.4779","1.4779","1.4779","","",""
"331","0.9782","0.9782","0.9782","","",""
"332","1.0762","1.0762","1.0762","","",""
"333","0.7683","0.7683","0.7683","","",""
"334","1.6073","1.6073","1.6073","","",""
"335","1.8629","1.8629","1.8629","","",""
"336","1.9676","1.9676","1.9676","","",""
"337","1.8184","1.8184","1.8184","","",""
"338","1.5337","1.5337","1.5337","","",""
"339","0.9461","0.9461","0.9461","","",""
"340","1.6406","1.6406","1.6406","","",""
"341","1.7828","1.7828","1.7828","","",""
"342","1.921","1.921","1.921","","",""
"343","1.7491","1.7491","1.7491","","",""
"344","1.6157","1.6157","1.6157","","",""
"345","1.6744","1.6744","1.6744","","",""
"346","0.7571","0.7571","0.7571","","",""
"347","1.1792","1.1792","1.1792","","",""
"348","0.7409","0.7409","0.7409","","",""
"349","0.8226","0.8226","0.8226","","",""
"350","1.4087","1.4087","1.4087","","",""
"351","1.7263","1.7263","1.7263","","",""
"352","1.7472","1.7472","1.7472","","",""
"353","1.4008","1.4008","1.4008","","",""
"354","1.6927","1.6927","1.6927","","",""
"355","1.6717","1.6717","1.6717","","",""
"356","1.904","1.904","1.904","","",""
"357","0.6878","0.6878","0.6878","","",""
"358","1.6924","1.6924","1.6924","","",""
"359","1.1899","1.1899","1.1899","","",""
"360","1.4631","1.4631","1.4631","","",""
"361","2.0232","2.0232","2.0232","","",""
"362","1.3623","1.3623","1.3623","","",""
"363","1.1116","1.1116","1.1116","","",""
"364","1.2505","1.2505","1.2505","","",""
"365","1.5017","1.5017","1.5017","","",""
"366","0.7444","0.7444","0.7444","","",""
"367","0.6857","0.6857","0.6857","","",""
"368","1.2151","1.2151","1.2151","","",""
"369","1.7758","1.7758","1.7758","","",""
"370","1.548","1.548","1.548","","",""
"371","1.9352","1.9352","1.9352","","",""
"372","1.8413","1.8413","1.8413","","",""
"373","1.6846","1.6846","1.6846","","",""
"374","0.6476","0.6476","0.6476","","",""
"375","1.7913","1.7913","1.7913","","",""
"376","1.5708","1.5708","1.5708","","",""
"377","1.6862","1.6862","1.6862","","",""
"378","0.7063","0.7063","0.7063","","",""
"379","0.5894","0.5894","0.5894","","",""
"380","1.7342","1.7342","1.7342","","",""
"381","1.5883","1.5883","1.5883","","",""
"382","1.6125","1.6125","1.6125","","",""
"383","0.9834","0.9834","0.9834","","",""
"384","1.6755","1.6755","1.6755","","",""
"385","1.9457","1.9457","1.9457","","",""
"386","1.7907","1.7907","1.7907","","",""
"387","0.8612","0.8612","0.8612","","",""
"388","0.9501","0.9501","0.9501","","",""
"389","1.1265","1.1265","1.1265","","",""
"390","0.7216","0.7216","0.7216","","",""
"391","1.488","1.488","1.488","","",""
"392","1.2069","1.2069","1.2069","","",""
"393","1.7553","1.7553","1.7553","","",""
"394","1.6784","1.6784","1.6784","","",""
"395","0.6801","0.6801","0.6801","","",""
"396","1.6475","1.6475","1.6475","","",""
"397","1.694","1.694","1.694","","",""
"398","1.5765","1.5765","1.5765","","",""
"399","0.7074","0.7074","0.7074","","",""
"400","1.6304","1.6304","1.6304","","",""
"401","1.7805","1.7805","1.7805","","",""
"402","1.5686","1.5686","1.5686","","",""
"403","","","","1.7115105390548706","1.7115105390548706","1.7115105390548706"
"404","0.7077","0.7077","0.7077","","",""
"405","1.4232","1.4232","1.4232","","",""
"406","1.6786","1.6786","1.6786","","",""
"407","1.7656","1.7656","1.7656","","",""
"408","2.1163","2.1163","2.1163","","",""
"409","1.5301","1.5301","1.5301","","",""
"410","1.6349","1.6349","1.6349","","",""
"411","1.7198","1.7198","1.7198","","",""
"412","0.7481","0.7481","0.7481","","",""
"413","2.1778","2.1778","2.1778","","",""
"414","1.9518","1.9518","1.9518","","",""
"415","0.9767","0.9767","0.9767","","",""
"416","1.8675","1.8675","1.8675","","",""
"417","1.3692","1.3692","1.3692","","",""
"418","0.6768","0.6768","0.6768","","",""
"419","1","1","1","","",""
"420","1.6262","1.6262","1.6262","","",""
"421","1.8866","1.8866","1.8866","","",""
"422","1.8486","1.8486","1.8486","","",""
"423","1.3822","1.3822","1.3822","","",""
"424","2.0213","2.0213","2.0213","","",""
"425","1.7349","1.7349","1.7349","","",""
"426","1.852","1.852","1.852","","",""
"427","0.944","0.944","0.944","","",""
"428","1.6936","1.6936","1.6936","","",""
"429","2.0163","2.0163","2.0163","","",""
"430","1.5284","1.5284","1.5284","","",""
"431","1.1569","1.1569","1.1569","","",""
"432","1.7611","1.7611","1.7611","","",""
"433","1.6892","1.6892","1.6892","","",""
"434","1.5387","1.5387","1.5387","","",""
"435","0.7552","0.7552","0.7552","","",""
"436","1.5162","1.5162","1.5162","","",""
"437","0.9711","0.9711","0.9711","","",""
"438","2.0207","2.0207","2.0207","","",""
"439","2.028","2.028","2.028","","",""
"440","1.6109","1.6109","1.6109","","",""
"441","1.7021","1.7021","1.7021","","",""
"442","2.0937","2.0937","2.0937","","",""
"443","1.9096","1.9096","1.9096","","",""
"444","1.8381","1.8381","1.8381","","",""
"445","1.5022","1.5022","1.5022","","",""
"446","1.2822","1.2822","1.2822","","",""
"447","2.0756","2.0756","2.0756","","",""
"448","1.7561","1.7561","1.7561","","",""
"449","0.9218","0.9218","0.9218","","",""
"450","1.9018","1.9018","1.9018","","",""
"451","1.5782","1.5782","1.5782","","",""
"452","1.5331","1.5331","1.5331","","",""
"453","1.5934","1.5934","1.5934","","",""
"454","1.3847","1.3847","1.3847","","",""
"455","1.793","1.793","1.793","","",""
"456","1.8849","1.8849","1.8849","","",""
"457","0.9973","0.9973","0.9973","","",""
"458","1.7458","1.7458","1.7458","","",""
"459","0.9839","0.9839","0.9839","","",""
"460","0.6935","0.6935","0.6935","","",""
"461","1.9725","1.9725","1.9725","","",""
"462","1.389","1.389","1.389","","",""
"463","1.8577","1.8577","1.8577","","",""
"464","1.473","1.473","1.473","","",""
"465","1.8175","1.8175","1.8175","","",""
"466","0.991","0.991","0.991","","",""
"467","1.5341","1.5341","1.5341","","",""
"468","1.5721","1.5721","1.5721","","",""
"469","1.4971","1.4971","1.4971","","",""
"470","1.8014","1.8014","1.8014","","",""
"471","1.625","1.625","1.625","","",""
"472","1.8065","1.8065","1.8065","","",""
"473","1.8739","1.8739","1.8739","","",""
"474","0.6575","0.6575","0.6575","","",""
"475","2.0463","2.0463","2.0463","","",""
"476","1.4854","1.4854","1.4854","","",""
"477","0.9923","0.9923","0.9923","","",""
"478","1.9079","1.9079","1.9079","","",""
"479","1.508","1.508","1.508","","",""
"480","1.9411","1.9411","1.9411","","",""
"481","1.5112","1.5112","1.5112","","",""
"482","1.6077","1.6077","1.6077","","",""
"483","1.7224","1.7224","1.7224","","",""
"484","1.5005","1.5005","1.5005","","",""
"485","0.9712","0.9712","0.9712","","",""
"486","1.8096","1.8096","1.8096","","",""
"487","1.7192","1.7192","1.7192","","",""
"488","1.5631","1.5631","1.5631","","",""
"489","1.4081","1.4081","1.4081","","",""
"490","0.7201","0.7201","0.7201","","",""
"491","1.6273","1.6273","1.6273","","",""
"492","1.5791","1.5791","1.5791","","",""
"493","1.5522","1.5522","1.5522","","",""
"494","1.7507","1.7507","1.7507","","",""
"495","2.0263","2.0263","2.0263","","",""
"496","1.7051","1.7051","1.7051","","",""
"497","1.6916","1.6916","1.6916","","",""
"498","1.5044","1.5044","1.5044","","",""
"499","1.5913","1.5913","1.5913","","",""
"500","1.3584","1.3584","1.3584","","",""
"501","0.9649","0.9649","0.9649","","",""
"502","1.717","1.717","1.717","","",""
"503","1.6998","1.6998","1.6998","","",""
"504","","","","1.6858693361282349","1.6858693361282349","1.6858693361282349"
"505","1.5292","1.5292","1.5292","","",""
"506","1.5287","1.5287","1.5287","","",""
"507","0.6494","0.6494","0.6494","","",""
"508","0.8413","0.8413","0.8413","","",""
"509","1.9274","1.9274","1.9274","","",""
"510","1.1802","1.1802","1.1802","","",""
"511","0.6492","0.6492","0.6492","","",""
"512","1.5727","1.5727","1.5727","","",""
"513","0.6099","0.6099","0.6099","","",""
"514","1.4134","1.4134","1.4134","","",""
"515","1.2931","1.2931","1.2931","","",""
"516","0.9992","0.9992","0.9992","","",""
"517","1.3731","1.3731","1.3731","","",""
"518","1.7411","1.7411","1.7411","","",""
"519","1.1518","1.1518","1.1518","","",""
"520","1.8184","1.8184","1.8184","","",""
"521","1.5905","1.5905","1.5905","","",""
"522","1.0972","1.0972","1.0972","","",""
"523","1.6445","1.6445","1.6445","","",""
"524","1.3963","1.3963","1.3963","","",""
"525","1.9294","1.9294","1.9294","","",""
"526","1.2465","1.2465","1.2465","","",""
"527","1.5418","1.5418","1.5418","","",""
"528","1.0257","1.0257","1.0257","","",""
"529","1.6865","1.6865","1.6865","","",""
"530","1.5889","1.5889","1.5889","","",""
"531","1.9498","1.9498","1.9498","","",""
"532","1.5329","1.5329","1.5329","","",""
"533","1.9187","1.9187","1.9187","","",""
"534","1.7688","1.7688","1.7688","","",""
"535","0.9119","0.9119","0.9119","","",""
"536","1.4716","1.4716","1.4716","","",""
"537","1.6231","1.6231","1.6231","","",""
"538","1.4742","1.4742","1.4742","","",""
"539","1.2578","1.2578","1.2578","","",""
"540","1.4189","1.4189","1.4189","","",""
"541","1.9526","1.9526","1.9526","","",""
"542","1.4941","1.4941","1.4941","","",""
"543","0.9239","0.9239","0.9239","","",""
"544","1.6765","1.6765","1.6765","","",""
"545","1.7199","1.7199","1.7199","","",""
"546","1.6864","1.6864","1.6864","","",""
"547","1.5012","1.5012","1.5012","","",""
"548","0.8496","0.8496","0.8496","","",""
"549","0.671","0.671","0.671","","",""
"550","1.3637","1.3637","1.3637","","",""
"551","1.2564","1.2564","1.2564","","",""
"552","1.8244","1.8244","1.8244","","",""
"553","1.5386","1.5386","1.5386","","",""
"554","1.8736","1.8736","1.8736","","",""
"555","1.8436","1.8436","1.8436","","",""
"556","1.6635","1.6635","1.6635","","",""
"557","1.9455","1.9455","1.9455","","",""
"558","0.685","0.685","0.685","","",""
"559","1.7321","1.7321","1.7321","","",""
"560","1.3539","1.3539","1.3539","","",""
"561","1.624","1.624","1.624","","",""
"562","1.5906","1.5906","1.5906","","",""
"563","1.403","1.403","1.403","","",""
"564","1.5815","1.5815","1.5815","","",""
"565","1.1464","1.1464","1.1464","","",""
"566","1.8011","1.8011","1.8011","","",""
"567","1.329","1.329","1.329","","",""
"568","1.6348","1.6348","1.6348","","",""
"569","1.7361","1.7361","1.7361","","",""
"570","2.0465","2.0465","2.0465","","",""
"571","1.0905","1.0905","1.0905","","",""
"572","1.5224","1.5224","1.5224","","",""
"573","2.0442","2.0442","2.0442","","",""
"574","1.4795","1.4795","1.4795","","",""
"575","1.9285","1.9285","1.9285","","",""
"576","1.0687","1.0687","1.0687","","",""
"577","1.5636","1.5636","1.5636","","",""
"578","0.6021","0.6021","0.6021","","",""
"579","1.6702","1.6702","1.6702","","",""
"580","1.2836","1.2836","1.2836","","",""
"581","1.6023","1.6023","1.6023","","",""
"582","1.6477","1.6477","1.6477","","",""
"583","1.7411","1.7411","1.7411","","",""
"584","1.577","1.577","1.577","","",""
"585","1.9609","1.9609","1.9609","","",""
"586","1.0219","1.0219","1.0219","","",""
"587","1.5534","1.5534","1.5534","","",""
"588","1.6095","1.6095","1.6095","","",""
"589","1.6407","1.6407","1.6407","","",""
"590","1.3148","1.3148","1.3148","","",""
"591","1.3398","1.3398","1.3398","","",""
"592","1.2072","1.2072","1.2072","","",""
"593","0.8494","0.8494","0.8494","","",""
"594","1.9918","1.9918","1.9918","","",""
"595","1.1514","1.1514","1.1514","","",""
"596","1.456","1.456","1.456","","",""
"597","1.4857","1.4857","1.4857","","",""
"598","1.4961","1.4961","1.4961","","",""
"599","1.8026","1.8026","1.8026","","",""
"600","1.9248","1.9248","1.9248","","",""
"601","1.917","1.917","1.917","","",""
"602","0.7734","0.7734","0.7734","","",""
"603","1.0462","1.0462","1.0462","","",""
"604","1.3205","1.3205","1.3205","","",""
"605","","","","1.677878499031067","1.677878499031067","1.677878499031067"
"606","1.1326","1.1326","1.1326","","",""
"607","0.7782","0.7782","0.7782","","",""
"608","1.7189","1.7189","1.7189","","",""
"609","1.4357","1.4357","1.4357","","",""
"610","1.6476","1.6476","1.6476","","",""
"611","1.6224","1.6224","1.6224","","",""
"612","1.6742","1.6742","1.6742","","",""
"613","1.9422","1.9422","1.9422","","",""
"614","1.8095","1.8095","1.8095","","",""
"615","1.678","1.678","1.678","","",""
"616","1.0749","1.0749","1.0749","","",""
"617","1.6543","1.6543","1.6543","","",""
"618","1.5859","1.5859","1.5859","","",""
"619","1.6437","1.6437","1.6437","","",""
"620","1.7889","1.7889","1.7889","","",""
"621","1.9715","1.9715","1.9715","","",""
"622","1.519","1.519","1.519","","",""
"623","1.1443","1.1443","1.1443","","",""
"624","1.4389","1.4389","1.4389","","",""
"625","1.1283","1.1283","1.1283","","",""
"626","1.807","1.807","1.807","","",""
"627","0.7508","0.7508","0.7508","","",""
"628","1.8939","1.8939","1.8939","","",""
"629","1.0428","1.0428","1.0428","","",""
"630","1.7937","1.7937","1.7937","","",""
"631","1.55","1.55","1.55","","",""
"632","1.5105","1.5105","1.5105","","",""
"633","1.6742","1.6742","1.6742","","",""
"634","1.6699","1.6699","1.6699","","",""
"635","1.6097","1.6097","1.6097","","",""
"636","1.4338","1.4338","1.4338","","",""
"637","1.7001","1.7001","1.7001","","",""
"638","1.7918","1.7918","1.7918","","",""
"639","1.8684","1.8684","1.8684","","",""
"640","0.7222","0.7222","0.7222","","",""
"641","0.9836","0.9836","0.9836","","",""
"642","1.5665","1.5665","1.5665","","",""
"643","1.6402","1.6402","1.6402","","",""
"644","0.9969","0.9969","0.9969","","",""
"645","0.9976","0.9976","0.9976","","",""
"646","1.692","1.692","1.692","","",""
"647","1.8353","1.8353","1.8353","","",""
"648","1.2981","1.2981","1.2981","","",""
"649","1.4401","1.4401","1.4401","","",""
"650","1.6651","1.6651","1.6651","","",""
"651","1.4097","1.4097","1.4097","","",""
"652","1.7487","1.7487","1.7487","","",""
"653","1.2257","1.2257","1.2257","","",""
"654","1.6139","1.6139","1.6139","","",""
"655","1.5897","1.5897","1.5897","","",""
"656","1.2622","1.2622","1.2622","","",""
"657","1.8266","1.8266","1.8266","","",""
"658","1.9165","1.9165","1.9165","","",""
"659","1.7918","1.7918","1.7918","","",""
"660","1.2338","1.2338","1.2338","","",""
"661","1.7722","1.7722","1.7722","","",""
"662","0.6462","0.6462","0.6462","","",""
"663","1.0728","1.0728","1.0728","","",""
"664","1.8694","1.8694","1.8694","","",""
"665","0.6725","0.6725","0.6725","","",""
"666","1.5649","1.5649","1.5649","","",""
"667","1.3935","1.3935","1.3935","","",""
"668","0.819","0.819","0.819","","",""
"669","1.4504","1.4504","1.4504","","",""
"670","1.9322","1.9322","1.9322","","",""
"671","1.1301","1.1301","1.1301","","",""
"672","1.4777","1.4777","1.4777","","",""
"673","1.2596","1.2596","1.2596","","",""
"674","1.6556","1.6556","1.6556","","",""
"675","1.5873","1.5873","1.5873","","",""
"676","1.758","1.758","1.758","","",""
"677","1.4301","1.4301","1.4301","","",""
"678","1.8543","1.8543","1.8543","","",""
"679","0.6667","0.6667","0.6667","","",""
"680","2.1773","2.1773","2.1773","","",""
"681","1.9429","1.9429","1.9429","","",""
"682","1.5482","1.5482","1.5482","","",""
"683","1.6165","1.6165","1.6165","","",""
"684","1.5403","1.5403","1.5403","","",""
"685","1.4406","1.4406","1.4406","","",""
"686","1.4487","1.4487","1.4487","","",""
"687","1.942","1.942","1.942","","",""
"688","1.5725","1.5725","1.5725","","",""
"689","1.3964","1.3964","1.3964","","",""
"690","1.4501","1.4501","1.4501","","",""
"691","1.1623","1.1623","1.1623","","",""
"692","1.9187","1.9187","1.9187","","",""
"693","1.4137","1.4137","1.4137","","",""
"694","1.6688","1.6688","1.6688","","",""
"695","1.7669","1.7669","1.7669","","",""
"696","1.6605","1.6605","1.6605","","",""
"697","1.1299","1.1299","1.1299","","",""
"698","0.6926","0.6926","0.6926","","",""
"699","1.4809","1.4809","1.4809","","",""
"700","1.5161","1.5161","1.5161","","",""
"701","2.0192","2.0192","2.0192","","",""
"702","2.1566","2.1566","2.1566","","",""
"703","1.4263","1.4263","1.4263","","",""
"704","1.0939","1.0939","1.0939","","",""
"705","1.3904","1.3904","1.3904","","",""
"706","","","","1.6662390232086182","1.6662390232086182","1.6662390232086182"
"707","0.9858","0.9858","0.9858","","",""
"708","1.5169","1.5169","1.5169","","",""
"709","0.6645","0.6645","0.6645","","",""
"710","1.5372","1.5372","1.5372","","",""
"711","0.8771","0.8771","0.8771","","",""
"712","1.7321","1.7321","1.7321","","",""
"713","1.3732","1.3732","1.3732","","",""
"714","1.6079","1.6079","1.6079","","",""
"715","0.8432","0.8432","0.8432","","",""
"716","1.5857","1.5857","1.5857","","",""
"717","1.8826","1.8826","1.8826","","",""
"718","0.6841","0.6841","0.6841","","",""
"719","0.8236","0.8236","0.8236","","",""
"720","1.8627","1.8627","1.8627","","",""
"721","1.671","1.671","1.671","","",""
"722","1.6364","1.6364","1.6364","","",""
"723","0.7303","0.7303","0.7303","","",""
"724","1.5718","1.5718","1.5718","","",""
"725","1.7326","1.7326","1.7326","","",""
"726","1.1808","1.1808","1.1808","","",""
"727","1.8825","1.8825","1.8825","","",""
"728","1.4518","1.4518","1.4518","","",""
"729","1.7239","1.7239","1.7239","","",""
"730","1.5428","1.5428","1.5428","","",""
"731","0.9117","0.9117","0.9117","","",""
"732","1.3513","1.3513","1.3513","","",""
"733","1.7454","1.7454","1.7454","","",""
"734","1.4669","1.4669","1.4669","","",""
"735","1.754","1.754","1.754","","",""
"736","1.7185","1.7185","1.7185","","",""
"737","1.3062","1.3062","1.3062","","",""
"738","0.6967","0.6967","0.6967","","",""
"739","2.0451","2.0451","2.0451","","",""
"740","1.0607","1.0607","1.0607","","",""
"741","1.9887","1.9887","1.9887","","",""
"742","0.9148","0.9148","0.9148","","",""
"743","0.6265","0.6265","0.6265","","",""
"744","1.6197","1.6197","1.6197","","",""
"745","1.5756","1.5756","1.5756","","",""
"746","0.8988","0.8988","0.8988","","",""
"747","1.7591","1.7591","1.7591","","",""
"748","1.578","1.578","1.578","","",""
"749","1.3314","1.3314","1.3314","","",""
"750","1.5688","1.5688","1.5688","","",""
"751","1.6504","1.6504","1.6504","","",""
"752","1.6475","1.6475","1.6475","","",""
"753","0.8615","0.8615","0.8615","","",""
"754","1.7355","1.7355","1.7355","","",""
"755","1.6577","1.6577","1.6577","","",""
"756","1.714","1.714","1.714","","",""
"757","1.649","1.649","1.649","","",""
"758","1.592","1.592","1.592","","",""
"759","1.3517","1.3517","1.3517","","",""
"760","0.7586","0.7586","0.7586","","",""
"761","1.7999","1.7999","1.7999","","",""
"762","1.5332","1.5332","1.5332","","",""
"763","1.3908","1.3908","1.3908","","",""
"764","1.0057","1.0057","1.0057","","",""
"765","1.3183","1.3183","1.3183","","",""
"766","1.529","1.529","1.529","","",""
"767","1.5504","1.5504","1.5504","","",""
"768","0.6969","0.6969","0.6969","","",""
"769","1.2256","1.2256","1.2256","","",""
"770","1.0114","1.0114","1.0114","","",""
"771","1.6509","1.6509","1.6509","","",""
"772","1.4113","1.4113","1.4113","","",""
"773","0.9742","0.9742","0.9742","","",""
"774","1.5595","1.5595","1.5595","","",""
"775","2.1132","2.1132","2.1132","","",""
"776","1.5861","1.5861","1.5861","","",""
"777","1.8354","1.8354","1.8354","","",""
"778","1.4241","1.4241","1.4241","","",""
"779","0.9786","0.9786","0.9786","","",""
"780","1.5251","1.5251","1.5251","","",""
"781","0.8712","0.8712","0.8712","","",""
"782","1.7037","1.7037","1.7037","","",""
"783","0.736","0.736","0.736","","",""
"784","1.4307","1.4307","1.4307","","",""
"785","1.3457","1.3457","1.3457","","",""
"786","1.4778","1.4778","1.4778","","",""
"787","1.0398","1.0398","1.0398","","",""
"788","1.7252","1.7252","1.7252","","",""
"789","1.2675","1.2675","1.2675","","",""
"790","0.6486","0.6486","0.6486","","",""
"791","1.5835","1.5835","1.5835","","",""
"792","1.0204","1.0204","1.0204","","",""
"793","1.5948","1.5948","1.5948","","",""
"794","1.5611","1.5611","1.5611","","",""
"795","1.5427","1.5427","1.5427","","",""
"796","1.5898","1.5898","1.5898","","",""
"797","1.5544","1.5544","1.5544","","",""
"798","1.7868","1.7868","1.7868","","",""
"799","1.3995","1.3995","1.3995","","",""
"800","0.7046","0.7046","0.7046","","",""
"801","1.5386","1.5386","1.5386","","",""
"802","1.6761","1.6761","1.6761","","",""
"803","0.9549","0.9549","0.9549","","",""
"804","1.4664","1.4664","1.4664","","",""
"805","1.8597","1.8597","1.8597","","",""
"806","2.6597","2.6597","2.6597","","",""
"807","","","","1.6565039157867432","1.6565039157867432","1.6565039157867432"
"808","1.8053","1.8053","1.8053","","",""
"809","1.5378","1.5378","1.5378","","",""
"810","1.6917","1.6917","1.6917","","",""
"811","1.0442","1.0442","1.0442","","",""
"812","1.6939","1.6939","1.6939","","",""
"813","1.9112","1.9112","1.9112","","",""
"814","1.581","1.581","1.581","","",""
"815","1.4463","1.4463","1.4463","","",""
"816","1.9152","1.9152","1.9152","","",""
"817","1.7696","1.7696","1.7696","","",""
"818","1.7266","1.7266","1.7266","","",""
"819","1.6667","1.6667","1.6667","","",""
"820","1.3555","1.3555","1.3555","","",""
"821","1.3689","1.3689","1.3689","","",""
"822","0.7193","0.7193","0.7193","","",""
"823","1.9596","1.9596","1.9596","","",""
"824","0.6657","0.6657","0.6657","","",""
"825","1.7468","1.7468","1.7468","","",""
"826","1.0018","1.0018","1.0018","","",""
"827","1.3726","1.3726","1.3726","","",""
"828","1.5532","1.5532","1.5532","","",""
"829","1.732","1.732","1.732","","",""
"830","1.62","1.62","1.62","","",""
"831","1.4014","1.4014","1.4014","","",""
"832","0.6804","0.6804","0.6804","","",""
"833","1.4075","1.4075","1.4075","","",""
"834","1.7992","1.7992","1.7992","","",""
"835","0.9149","0.9149","0.9149","","",""
"836","1.3397","1.3397","1.3397","","",""
"837","0.8397","0.8397","0.8397","","",""
"838","1.353","1.353","1.353","","",""
"839","2.0509","2.0509","2.0509","","",""
"840","0.8695","0.8695","0.8695","","",""
"841","0.6533","0.6533","0.6533","","",""
"842","0.6186","0.6186","0.6186","","",""
"843","1.4233","1.4233","1.4233","","",""
"844","1.7944","1.7944","1.7944","","",""
"845","1.663","1.663","1.663","","",""
"846","1.5001","1.5001","1.5001","","",""
"847","0.7013","0.7013","0.7013","","",""
"848","1.5227","1.5227","1.5227","","",""
"849","1.6782","1.6782","1.6782","","",""
"850","0.6301","0.6301","0.6301","","",""
"851","1.2039","1.2039","1.2039","","",""
"852","1.5828","1.5828","1.5828","","",""
"853","0.937","0.937","0.937","","",""
"854","0.8343","0.8343","0.8343","","",""
"855","1.5217","1.5217","1.5217","","",""
"856","1.4954","1.4954","1.4954","","",""
"857","1.5804","1.5804","1.5804","","",""
"858","1.859","1.859","1.859","","",""
"859","1.673","1.673","1.673","","",""
"860","1.727","1.727","1.727","","",""
"861","1.0535","1.0535","1.0535","","",""
"862","0.9603","0.9603","0.9603","","",""
"863","1.5166","1.5166","1.5166","","",""
"864","1.1413","1.1413","1.1413","","",""
"865","1.6482","1.6482","1.6482","","",""
"866","1.4921","1.4921","1.4921","","",""
"867","1.6762","1.6762","1.6762","","",""
"868","0.6894","0.6894","0.6894","","",""
"869","0.9798","0.9798","0.9798","","",""
"870","1.7176","1.7176","1.7176","","",""
"871","1.8388","1.8388","1.8388","","",""
"872","1.5491","1.5491","1.5491","","",""
"873","1.5213","1.5213","1.5213","","",""
"874","1.6015","1.6015","1.6015","","",""
"875","1.5946","1.5946","1.5946","","",""
"876","0.5848","0.5848","0.5848","","",""
"877","1.3446","1.3446","1.3446","","",""
"878","1.7832","1.7832","1.7832","","",""
"879","1.5146","1.5146","1.5146","","",""
"880","0.6078","0.6078","0.6078","","",""
"881","1.1794","1.1794","1.1794","","",""
"882","1.7103","1.7103","1.7103","","",""
"883","0.7078","0.7078","0.7078","","",""
"884","1.4186","1.4186","1.4186","","",""
"885","1.5955","1.5955","1.5955","","",""
"886","1.5638","1.5638","1.5638","","",""
"887","1.8366","1.8366","1.8366","","",""
"888","1.4312","1.4312","1.4312","","",""
"889","1.557","1.557","1.557","","",""
"890","1.6121","1.6121","1.6121","","",""
"891","1.4354","1.4354","1.4354","","",""
"892","1.4349","1.4349","1.4349","","",""
"893","1.4887","1.4887","1.4887","","",""
"894","1.4173","1.4173","1.4173","","",""
"895","1.2938","1.2938","1.2938","","",""
"896","1.5098","1.5098","1.5098","","",""
"897","1.548","1.548","1.548","","",""
"898","1.7076","1.7076","1.7076","","",""
"899","1.0284","1.0284","1.0284","","",""
"900","1.5908","1.5908","1.5908","","",""
"901","0.9169","0.9169","0.9169","","",""
"902","1.3576","1.3576","1.3576","","",""
"903","0.9042","0.9042","0.9042","","",""
"904","1.5256","1.5256","1.5256","","",""
"905","1.5542","1.5542","1.5542","","",""
"906","1.2296","1.2296","1.2296","","",""
"907","1.6731","1.6731","1.6731","","",""
"908","","","","1.6469438076019287","1.6469438076019287","1.6469438076019287"
"909","1.2851","1.2851","1.2851","","",""
"910","1.6949","1.6949","1.6949","","",""
"911","1.6931","1.6931","1.6931","","",""
"912","1.7566","1.7566","1.7566","","",""
"913","2.0912","2.0912","2.0912","","",""
"914","1.7471","1.7471","1.7471","","",""
"915","1.6772","1.6772","1.6772","","",""
"916","0.9446","0.9446","0.9446","","",""
"917","1.6233","1.6233","1.6233","","",""
"918","1.4142","1.4142","1.4142","","",""
"919","0.5871","0.5871","0.5871","","",""
"920","0.8092","0.8092","0.8092","","",""
"921","1.4218","1.4218","1.4218","","",""
"922","1.939","1.939","1.939","","",""
"923","1.357","1.357","1.357","","",""
"924","1.6776","1.6776","1.6776","","",""
"925","0.6527","0.6527","0.6527","","",""
"926","1.5045","1.5045","1.5045","","",""
"927","0.6815","0.6815","0.6815","","",""
"928","1.1665","1.1665","1.1665","","",""
"929","1.9835","1.9835","1.9835","","",""
"930","1.6291","1.6291","1.6291","","",""
"931","1.4697","1.4697","1.4697","","",""
"932","1.4452","1.4452","1.4452","","",""
"933","0.9201","0.9201","0.9201","","",""
"934","1.503","1.503","1.503","","",""
"935","1.7198","1.7198","1.7198","","",""
"936","1.5672","1.5672","1.5672","","",""
"937","1.5507","1.5507","1.5507","","",""
"938","1.3578","1.3578","1.3578","","",""
"939","1.5215","1.5215","1.5215","","",""
"940","1.6127","1.6127","1.6127","","",""
"941","1.2831","1.2831","1.2831","","",""
"942","0.533","0.533","0.533","","",""
"943","1.1904","1.1904","1.1904","","",""
"944","0.9515","0.9515","0.9515","","",""
"945","1.5883","1.5883","1.5883","","",""
"946","0.8593","0.8593","0.8593","","",""
"947","0.8238","0.8238","0.8238","","",""
"948","1.4575","1.4575","1.4575","","",""
"949","1.5475","1.5475","1.5475","","",""
"950","0.6863","0.6863","0.6863","","",""
"951","1.2701","1.2701","1.2701","","",""
"952","1.4591","1.4591","1.4591","","",""
"953","0.9321","0.9321","0.9321","","",""
"954","1.6063","1.6063","1.6063","","",""
"955","1.6439","1.6439","1.6439","","",""
"956","1.6586","1.6586","1.6586","","",""
"957","1.5053","1.5053","1.5053","","",""
"958","1.5775","1.5775","1.5775","","",""
"959","1.6244","1.6244","1.6244","","",""
"960","1.7351","1.7351","1.7351","","",""
"961","1.6704","1.6704","1.6704","","",""
"962","1.4845","1.4845","1.4845","","",""
"963","1.4796","1.4796","1.4796","","",""
"964","1.5292","1.5292","1.5292","","",""
"965","1.1819","1.1819","1.1819","","",""
"966","1.8581","1.8581","1.8581","","",""
"967","1.5615","1.5615","1.5615","","",""
"968","1.6444","1.6444","1.6444","","",""
"969","1.8093","1.8093","1.8093","","",""
"970","1.1975","1.1975","1.1975","","",""
"971","1.1707","1.1707","1.1707","","",""
"972","1.3553","1.3553","1.3553","","",""
"973","1.345","1.345","1.345","","",""
"974","1.6124","1.6124","1.6124","","",""
"975","1.682","1.682","1.682","","",""
"976","1.1374","1.1374","1.1374","","",""
"977","2.1099","2.1099","2.1099","","",""
"978","1.7334","1.7334","1.7334","","",""
"979","1.6081","1.6081","1.6081","","",""
"980","1.7255","1.7255","1.7255","","",""
"981","1.4079","1.4079","1.4079","","",""
"982","0.5948","0.5948","0.5948","","",""
"983","0.6747","0.6747","0.6747","","",""
"984","1.4357","1.4357","1.4357","","",""
"985","1.63","1.63","1.63","","",""
"986","1.4055","1.4055","1.4055","","",""
"987","1.475","1.475","1.475","","",""
"988","1.5841","1.5841","1.5841","","",""
"989","1.6383","1.6383","1.6383","","",""
"990","1.5497","1.5497","1.5497","","",""
"991","1.6295","1.6295","1.6295","","",""
"992","1.4636","1.4636","1.4636","","",""
"993","1.2771","1.2771","1.2771","","",""
"994","1.9748","1.9748","1.9748","","",""
"995","1.4749","1.4749","1.4749","","",""
"996","0.7482","0.7482","0.7482","","",""
"997","1.4116","1.4116","1.4116","","",""
"998","0.7117","0.7117","0.7117","","",""
"999","1.4323","1.4323","1.4323","","",""
"1000","1.4541","1.4541","1.4541","","",""
"1001","1.8038","1.8038","1.8038","","",""
"1002","1.211","1.211","1.211","","",""
"1003","1.4853","1.4853","1.4853","","",""
"1004","1.7795","1.7795","1.7795","","",""
"1005","2.3205","2.3205","2.3205","","",""
"1006","1.6881","1.6881","1.6881","","",""
"1007","1.5393","1.5393","1.5393","","",""
"1008","1.637","1.637","1.637","","",""
"1009","","","","1.636579990386963","1.636579990386963","1.636579990386963"
"1010","0.9059","0.9059","0.9059","","",""
"1011","1.7539","1.7539","1.7539","","",""
"1012","1.7624","1.7624","1.7624","","",""
"1013","1.1919","1.1919","1.1919","","",""
"1014","0.9603","0.9603","0.9603","","",""
"1015","1.4366","1.4366","1.4366","","",""
"1016","1.5403","1.5403","1.5403","","",""
"1017","1.5934","1.5934","1.5934","","",""
"1018","1.2172","1.2172","1.2172","","",""
"1019","1.7708","1.7708","1.7708","","",""
"1020","0.8352","0.8352","0.8352","","",""
"1021","0.6284","0.6284","0.6284","","",""
"1022","1.6051","1.6051","1.6051","","",""
"1023","2.0161","2.0161","2.0161","","",""
"1024","1.4167","1.4167","1.4167","","",""
"1025","1.2618","1.2618","1.2618","","",""
"1026","1.3553","1.3553","1.3553","","",""
"1027","1.3975","1.3975","1.3975","","",""
"1028","1.3613","1.3613","1.3613","","",""
"1029","1.6097","1.6097","1.6097","","",""
"1030","1.1394","1.1394","1.1394","","",""
"1031","1.494","1.494","1.494","","",""
"1032","1.7345","1.7345","1.7345","","",""
"1033","1.7516","1.7516","1.7516","","",""
"1034","1.4487","1.4487","1.4487","","",""
"1035","1.4024","1.4024","1.4024","","",""
"1036","1.6641","1.6641","1.6641","","",""
"1037","1.7737","1.7737","1.7737","","",""
"1038","1.4194","1.4194","1.4194","","",""
"1039","1.878","1.878","1.878","","",""
"1040","1.7205","1.7205","1.7205","","",""
"1041","1.6313","1.6313","1.6313","","",""
"1042","1.7333","1.7333","1.7333","","",""
"1043","1.5517","1.5517","1.5517","","",""
"1044","1.573","1.573","1.573","","",""
"1045","1.37","1.37","1.37","","",""
"1046","1.0539","1.0539","1.0539","","",""
"1047","1.4719","1.4719","1.4719","","",""
"1048","1.8742","1.8742","1.8742","","",""
"1049","2.0016","2.0016","2.0016","","",""
"1050","1.4162","1.4162","1.4162","","",""
"1051","0.9288","0.9288","0.9288","","",""
"1052","1.4541","1.4541","1.4541","","",""
"1053","1.0488","1.0488","1.0488","","",""
"1054","1.7716","1.7716","1.7716","","",""
"1055","1.5812","1.5812","1.5812","","",""
"1056","0.9295","0.9295","0.9295","","",""
"1057","1.507","1.507","1.507","","",""
"1058","0.5913","0.5913","0.5913","","",""
"1059","0.7828","0.7828","0.7828","","",""
"1060","1.005","1.005","1.005","","",""
"1061","0.974","0.974","0.974","","",""
"1062","1.2223","1.2223","1.2223","","",""
"1063","1.4383","1.4383","1.4383","","",""
"1064","1.418","1.418","1.418","","",""
"1065","1.1144","1.1144","1.1144","","",""
"1066","1.2694","1.2694","1.2694","","",""
"1067","1.8181","1.8181","1.8181","","",""
"1068","1.7234","1.7234","1.7234","","",""
"1069","1.6749","1.6749","1.6749","","",""
"1070","1.2909","1.2909","1.2909","","",""
"1071","0.8759","0.8759","0.8759","","",""
"1072","1.5815","1.5815","1.5815","","",""
"1073","1.7016","1.7016","1.7016","","",""
"1074","1.3642","1.3642","1.3642","","",""
"1075","2.043","2.043","2.043","","",""
"1076","1.6823","1.6823","1.6823","","",""
"1077","1.4131","1.4131","1.4131","","",""
"1078","1.4907","1.4907","1.4907","","",""
"1079","1.4469","1.4469","1.4469","","",""
"1080","0.8951","0.8951","0.8951","","",""
"1081","1.5858","1.5858","1.5858","","",""
"1082","1.0055","1.0055","1.0055","","",""
"1083","1.6896","1.6896","1.6896","","",""
"1084","1.6091","1.6091","1.6091","","",""
"1085","1.5628","1.5628","1.5628","","",""
"1086","1.0776","1.0776","1.0776","","",""
"1087","1.5594","1.5594","1.5594","","",""
"1088","1.2331","1.2331","1.2331","","",""
"1089","1.4225","1.4225","1.4225","","",""
"1090","0.5333","0.5333","0.5333","","",""
"1091","1.7149","1.7149","1.7149","","",""
"1092","1.9317","1.9317","1.9317","","",""
"1093","1.3475","1.3475","1.3475","","",""
"1094","1.4029","1.4029","1.4029","","",""
"1095","1.2155","1.2155","1.2155","","",""
"1096","1.4521","1.4521","1.4521","","",""
"1097","1.681","1.681","1.681","","",""
"1098","1.6954","1.6954","1.6954","","",""
"1099","0.8463","0.8463","0.8463","","",""
"1100","1.8089","1.8089","1.8089","","",""
"1101","1.4522","1.4522","1.4522","","",""
"1102","1.6876","1.6876","1.6876","","",""
"1103","1.4769","1.4769","1.4769","","",""
"1104","1.6207","1.6207","1.6207","","",""
"1105","1.7942","1.7942","1.7942","","",""
"1106","1.2828","1.2828","1.2828","","",""
"1107","1.8938","1.8938","1.8938","","",""
"1108","1.2339","1.2339","1.2339","","",""
"1109","1.8717","1.8717","1.8717","","",""
"1110","","","","1.631648302078247","1.631648302078247","1.631648302078247"
"1111","1.5514","1.5514","1.5514","","",""
"1112","1.3161","1.3161","1.3161","","",""
"1113","0.9168","0.9168","0.9168","","",""
"1114","1.4393","1.4393","1.4393","","",""
"1115","0.8728","0.8728","0.8728","","",""
"1116","1.5021","1.5021","1.5021","","",""
"1117","1.2132","1.2132","1.2132","","",""
"1118","1.6188","1.6188","1.6188","","",""
"1119","1.7695","1.7695","1.7695","","",""
"1120","1.6518","1.6518","1.6518","","",""
"1121","1.7986","1.7986","1.7986","","",""
"1122","1.4181","1.4181","1.4181","","",""
"1123","2.0215","2.0215","2.0215","","",""
"1124","1.6302","1.6302","1.6302","","",""
"1125","1.4662","1.4662","1.4662","","",""
"1126","1.7322","1.7322","1.7322","","",""
"1127","1.0135","1.0135","1.0135","","",""
"1128","1.2988","1.2988","1.2988","","",""
"1129","0.755","0.755","0.755","","",""
"1130","0.6138","0.6138","0.6138","","",""
"1131","1.6993","1.6993","1.6993","","",""
"1132","1.9512","1.9512","1.9512","","",""
"1133","0.9879","0.9879","0.9879","","",""
"1134","1.5954","1.5954","1.5954","","",""
"1135","1.927","1.927","1.927","","",""
"1136","1.7143","1.7143","1.7143","","",""
"1137","1.3951","1.3951","1.3951","","",""
"1138","1.3087","1.3087","1.3087","","",""
"1139","0.819","0.819","0.819","","",""
"1140","1.3137","1.3137","1.3137","","",""
"1141","1.6746","1.6746","1.6746","","",""
"1142","1.2678","1.2678","1.2678","","",""
"1143","1.3918","1.3918","1.3918","","",""
"1144","1.8381","1.8381","1.8381","","",""
"1145","1.6811","1.6811","1.6811","","",""
"1146","0.7032","0.7032","0.7032","","",""
"1147","0.9013","0.9013","0.9013","","",""
"1148","1.7446","1.7446","1.7446","","",""
"1149","1.7157","1.7157","1.7157","","",""
"1150","1.6064","1.6064","1.6064","","",""
"1151","1.4617","1.4617","1.4617","","",""
"1152","1.672","1.672","1.672","","",""
"1153","1.628","1.628","1.628","","",""
"1154","1.781","1.781","1.781","","",""
"1155","1.3814","1.3814","1.3814","","",""
"1156","1.3951","1.3951","1.3951","","",""
"1157","1.5136","1.5136","1.5136","","",""
"1158","1.4906","1.4906","1.4906","","",""
"1159","1.725","1.725","1.725","","",""
"1160","0.8888","0.8888","0.8888","","",""
"1161","0.7039","0.7039","0.7039","","",""
"1162","1.1909","1.1909","1.1909","","",""
"1163","1.5945","1.5945","1.5945","","",""
"1164","0.8603","0.8603","0.8603","","",""
"1165","0.5713","0.5713","0.5713","","",""
"1166","1.0894","1.0894","1.0894","","",""
"1167","1.4006","1.4006","1.4006","","",""
"1168","1.2922","1.2922","1.2922","","",""
"1169","1.3715","1.3715","1.3715","","",""
"1170","1.389","1.389","1.389","","",""
"1171","0.6835","0.6835","0.6835","","",""
"1172","1.5486","1.5486","1.5486","","",""
"1173","0.7574","0.7574","0.7574","","",""
"1174","1.4524","1.4524","1.4524","","",""
"1175","1.6117","1.6117","1.6117","","",""
"1176","1.5854","1.5854","1.5854","","",""
"1177","1.474","1.474","1.474","","",""
"1178","1.4154","1.4154","1.4154","","",""
"1179","1.4581","1.4581","1.4581","","",""
"1180","1.1795","1.1795","1.1795","","",""
"1181","2.1134","2.1134","2.1134","","",""
"1182","2.3455","2.3455","2.3455","","",""
"1183","1.8717","1.8717","1.8717","","",""
"1184","0.6688","0.6688","0.6688","","",""
"1185","1.5677","1.5677","1.5677","","",""
"1186","1.471","1.471","1.471","","",""
"1187","1.6177","1.6177","1.6177","","",""
"1188","1.2919","1.2919","1.2919","","",""
"1189","1.0776","1.0776","1.0776","","",""
"1190","1.465","1.465","1.465","","",""
"1191","1.1492","1.1492","1.1492","","",""
"1192","0.6731","0.6731","0.6731","","",""
"1193","1.5362","1.5362","1.5362","","",""
"1194","0.6911","0.6911","0.6911","","",""
"1195","1.5072","1.5072","1.5072","","",""
"1196","1.3604","1.3604","1.3604","","",""
"1197","1.4314","1.4314","1.4314","","",""
"1198","1.5519","1.5519","1.5519","","",""
"1199","1.2491","1.2491","1.2491","","",""
"1200","1.3285","1.3285","1.3285","","",""
"1201","1.6649","1.6649","1.6649","","",""
"1202","1.0032","1.0032","1.0032","","",""
"1203","1.2618","1.2618","1.2618","","",""
"1204","0.9756","0.9756","0.9756","","",""
"1205","1.2437","1.2437","1.2437","","",""
"1206","0.6862","0.6862","0.6862","","",""
"1207","1.7232","1.7232","1.7232","","",""
"1208","1.3743","1.3743","1.3743","","",""
"1209","0.6939","0.6939","0.6939","","",""
"1210","1.4815","1.4815","1.4815","","",""
"1211","","","","1.6252002716064453","1.6252002716064453","1.6252002716064453"
"1212","1.4355","1.4355","1.4355","","",""
"1213","1.5815","1.5815","1.5815","","",""
"1214","1.3718","1.3718","1.3718","","",""
"1215","1.333","1.333","1.333","","",""
"1216","1.4877","1.4877","1.4877","","",""
"1217","1.8075","1.8075","1.8075","","",""
"1218","1.632","1.632","1.632","","",""
"1219","1.8911","1.8911","1.8911","","",""
"1220","0.6939","0.6939","0.6939","","",""
"1221","1.5011","1.5011","1.5011","","",""
"1222","1.518","1.518","1.518","","",""
"1223","1.6024","1.6024","1.6024","","",""
"1224","1.787","1.787","1.787","","",""
"1225","1.7881","1.7881","1.7881","","",""
"1226","1.8061","1.8061","1.8061","","",""
"1227","1.5723","1.5723","1.5723","","",""
"1228","0.9533","0.9533","0.9533","","",""
"1229","1.4382","1.4382","1.4382","","",""
"1230","1.5886","1.5886","1.5886","","",""
"1231","1.5056","1.5056","1.5056","","",""
"1232","1.6057","1.6057","1.6057","","",""
"1233","1.5215","1.5215","1.5215","","",""
"1234","1.6223","1.6223","1.6223","","",""
"1235","1.5588","1.5588","1.5588","","",""
"1236","1.7083","1.7083","1.7083","","",""
"1237","1.7445","1.7445","1.7445","","",""
"1238","1.4017","1.4017","1.4017","","",""
"1239","1.9508","1.9508","1.9508","","",""
"1240","0.6588","0.6588","0.6588","","",""
"1241","1.8579","1.8579","1.8579","","",""
"1242","1.2373","1.2373","1.2373","","",""
"1243","1.3635","1.3635","1.3635","","",""
"1244","1.5396","1.5396","1.5396","","",""
"1245","1.9143","1.9143","1.9143","","",""
"1246","1.7193","1.7193","1.7193","","",""
"1247","1.3593","1.3593","1.3593","","",""
"1248","0.9853","0.9853","0.9853","","",""
"1249","1.4347","1.4347","1.4347","","",""
"1250","0.8904","0.8904","0.8904","","",""
"1251","1.4186","1.4186","1.4186","","",""
"1252","0.9616","0.9616","0.9616","","",""
"1253","1.3878","1.3878","1.3878","","",""
"1254","1.7184","1.7184","1.7184","","",""
"1255","1.5146","1.5146","1.5146","","",""
"1256","1.6822","1.6822","1.6822","","",""
"1257","1.757","1.757","1.757","","",""
"1258","1.5567","1.5567","1.5567","","",""
"1259","0.8868","0.8868","0.8868","","",""
"1260","1.1917","1.1917","1.1917","","",""
"1261","1.4534","1.4534","1.4534","","",""
"1262","1.2079","1.2079","1.2079","","",""
"1263","1.8999","1.8999","1.8999","","",""
"1264","1.8107","1.8107","1.8107","","",""
"1265","1.3116","1.3116","1.3116","","",""
"1266","1.3323","1.3323","1.3323","","",""
"1267","1.8104","1.8104","1.8104","","",""
"1268","1.4275","1.4275","1.4275","","",""
"1269","1.8059","1.8059","1.8059","","",""
"1270","1.3605","1.3605","1.3605","","",""
"1271","1.4908","1.4908","1.4908","","",""
"1272","1.5122","1.5122","1.5122","","",""
"1273","1.7951","1.7951","1.7951","","",""
"1274","1.6645","1.6645","1.6645","","",""
"1275","1.5525","1.5525","1.5525","","",""
"1276","1.4414","1.4414","1.4414","","",""
"1277","1.5333","1.5333","1.5333","","",""
"1278","1.9436","1.9436","1.9436","","",""
"1279","1.9158","1.9158","1.9158","","",""
"1280","1.6934","1.6934","1.6934","","",""
"1281","1.411","1.411","1.411","","",""
"1282","1.327","1.327","1.327","","",""
"1283","0.7379","0.7379","0.7379","","",""
"1284","1.5473","1.5473","1.5473","","",""
"1285","0.6457","0.6457","0.6457","","",""
"1286","1.3507","1.3507","1.3507","","",""
"1287","1.3653","1.3653","1.3653","","",""
"1288","1.4809","1.4809","1.4809","","",""
"1289","1.3542","1.3542","1.3542","","",""
"1290","0.6306","0.6306","0.6306","","",""
"1291","1.5722","1.5722","1.5722","","",""
"1292","1.0782","1.0782","1.0782","","",""
"1293","1.6935","1.6935","1.6935","","",""
"1294","1.0636","1.0636","1.0636","","",""
"1295","0.6191","0.6191","0.6191","","",""
"1296","1.5693","1.5693","1.5693","","",""
"1297","0.6722","0.6722","0.6722","","",""
"1298","1.4132","1.4132","1.4132","","",""
"1299","1.5723","1.5723","1.5723","","",""
"1300","1.2488","1.2488","1.2488","","",""
"1301","0.7789","0.7789","0.7789","","",""
"1302","1.5868","1.5868","1.5868","","",""
"1303","1.6893","1.6893","1.6893","","",""
"1304","1.6385","1.6385","1.6385","","",""
"1305","1.7407","1.7407","1.7407","","",""
"1306","1.7107","1.7107","1.7107","","",""
"1307","0.6358","0.6358","0.6358","","",""
"1308","1.5717","1.5717","1.5717","","",""
"1309","1.7142","1.7142","1.7142","","",""
"1310","0.9157","0.9157","0.9157","","",""
"1311","0.7446","0.7446","0.7446","","",""
"1312","","","","1.619581699371338","1.619581699371338","1.619581699371338"
"1313","1.2755","1.2755","1.2755","","",""
"1314","1.6226","1.6226","1.6226","","",""
"1315","1.389","1.389","1.389","","",""
"1316","0.8043","0.8043","0.8043","","",""
"1317","1.2232","1.2232","1.2232","","",""
"1318","1.3481","1.3481","1.3481","","",""
"1319","1.849","1.849","1.849","","",""
"1320","1.2473","1.2473","1.2473","","",""
"1321","1.5827","1.5827","1.5827","","",""
"1322","1.3666","1.3666","1.3666","","",""
"1323","1.516","1.516","1.516","","",""
"1324","0.9066","0.9066","0.9066","","",""
"1325","1.6006","1.6006","1.6006","","",""
"1326","1.8092","1.8092","1.8092","","",""
"1327","1.83","1.83","1.83","","",""
"1328","1.6218","1.6218","1.6218","","",""
"1329","1.7707","1.7707","1.7707","","",""
"1330","0.9417","0.9417","0.9417","","",""
"1331","1.709","1.709","1.709","","",""
"1332","1.7627","1.7627","1.7627","","",""
"1333","1.5091","1.5091","1.5091","","",""
"1334","1.6502","1.6502","1.6502","","",""
"1335","1.3789","1.3789","1.3789","","",""
"1336","1.7434","1.7434","1.7434","","",""
"1337","0.746","0.746","0.746","","",""
"1338","1.594","1.594","1.594","","",""
"1339","0.9988","0.9988","0.9988","","",""
"1340","1.8966","1.8966","1.8966","","",""
"1341","0.6842","0.6842","0.6842","","",""
"1342","1.5621","1.5621","1.5621","","",""
"1343","2.4617","2.4617","2.4617","","",""
"1344","1.8938","1.8938","1.8938","","",""
"1345","1.5605","1.5605","1.5605","","",""
"1346","1.6031","1.6031","1.6031","","",""
"1347","1.9245","1.9245","1.9245","","",""
"1348","1.2822","1.2822","1.2822","","",""
"1349","1.7039","1.7039","1.7039","","",""
"1350","1.5012","1.5012","1.5012","","",""
"1351","1.7119","1.7119","1.7119","","",""
"1352","1.1268","1.1268","1.1268","","",""
"1353","1.3551","1.3551","1.3551","","",""
"1354","1.3161","1.3161","1.3161","","",""
"1355","1.6509","1.6509","1.6509","","",""
"1356","0.8856","0.8856","0.8856","","",""
"1357","1.3555","1.3555","1.3555","","",""
"1358","1.3693","1.3693","1.3693","","",""
"1359","1.2508","1.2508","1.2508","","",""
"1360","1.3689","1.3689","1.3689","","",""
"1361","0.8061","0.8061","0.8061","","",""
"1362","2.0403","2.0403","2.0403","","",""
"1363","1.5131","1.5131","1.5131","","",""
"1364","1.2806","1.2806","1.2806","","",""
"1365","1.2559","1.2559","1.2559","","",""
"1366","1.4559","1.4559","1.4559","","",""
"1367","1.8455","1.8455","1.8455","","",""
"1368","1.4866","1.4866","1.4866","","",""
"1369","1.5974","1.5974","1.5974","","",""
"1370","1.2973","1.2973","1.2973","","",""
"1371","1.7432","1.7432","1.7432","","",""
"1372","1.5251","1.5251","1.5251","","",""
"1373","1.3058","1.3058","1.3058","","",""
"1374","1.4871","1.4871","1.4871","","",""
"1375","1.289","1.289","1.289","","",""
"1376","1.5534","1.5534","1.5534","","",""
"1377","1.6878","1.6878","1.6878","","",""
"1378","1.8824","1.8824","1.8824","","",""
"1379","1.3922","1.3922","1.3922","","",""
"1380","1.5991","1.5991","1.5991","","",""
"1381","1.5147","1.5147","1.5147","","",""
"1382","0.8094","0.8094","0.8094","","",""
"1383","1.6296","1.6296","1.6296","","",""
"1384","0.62","0.62","0.62","","",""
"1385","1.8855","1.8855","1.8855","","",""
"1386","1.4173","1.4173","1.4173","","",""
"1387","1.5728","1.5728","1.5728","","",""
"1388","1.4901","1.4901","1.4901","","",""
"1389","1.2042","1.2042","1.2042","","",""
"1390","0.9535","0.9535","0.9535","","",""
"1391","0.8826","0.8826","0.8826","","",""
"1392","1.5584","1.5584","1.5584","","",""
"1393","1.9129","1.9129","1.9129","","",""
"1394","1.8881","1.8881","1.8881","","",""
"1395","1.7144","1.7144","1.7144","","",""
"1396","1.7107","1.7107","1.7107","","",""
"1397","1.4887","1.4887","1.4887","","",""
"1398","0.5527","0.5527","0.5527","","",""
"1399","1.579","1.579","1.579","","",""
"1400","1.718","1.718","1.718","","",""
"1401","1.5211","1.5211","1.5211","","",""
"1402","0.8258","0.8258","0.8258","","",""
"1403","0.6287","0.6287","0.6287","","",""
"1404","1.5191","1.5191","1.5191","","",""
"1405","1.3065","1.3065","1.3065","","",""
"1406","1.9501","1.9501","1.9501","","",""
"1407","1.4868","1.4868","1.4868","","",""
"1408","0.5875","0.5875","0.5875","","",""
"1409","1.461","1.461","1.461","","",""
"1410","1.6189","1.6189","1.6189","","",""
"1411","0.8124","0.8124","0.8124","","",""
"1412","1.7118","1.7118","1.7118","","",""
"1413","","","","1.613801121711731","1.613801121711731","1.613801121711731"
"1414","1.7122","1.7122","1.7122","","",""
"1415","1.1445","1.1445","1.1445","","",""
"1416","1.7245","1.7245","1.7245","","",""
"1417","1.5698","1.5698","1.5698","","",""
"1418","1.7729","1.7729","1.7729","","",""
"1419","1.5286","1.5286","1.5286","","",""
"1420","0.9165","0.9165","0.9165","","",""
"1421","1.1872","1.1872","1.1872","","",""
"1422","1.3264","1.3264","1.3264","","",""
"1423","1.4088","1.4088","1.4088","","",""
"1424","0.6531","0.6531","0.6531","","",""
"1425","0.6551","0.6551","0.6551","","",""
"1426","2.2413","2.2413","2.2413","","",""
"1427","1.1007","1.1007","1.1007","","",""
"1428","0.5293","0.5293","0.5293","","",""
"1429","1.5033","1.5033","1.5033","","",""
"1430","1.7024","1.7024","1.7024","","",""
"1431","0.9248","0.9248","0.9248","","",""
"1432","1.4734","1.4734","1.4734","","",""
"1433","1.6647","1.6647","1.6647","","",""
"1434","1.3234","1.3234","1.3234","","",""
"1435","1.225","1.225","1.225","","",""
"1436","1.4225","1.4225","1.4225","","",""
"1437","1.7362","1.7362","1.7362","","",""
"1438","0.694","0.694","0.694","","",""
"1439","0.8875","0.8875","0.8875","","",""
"1440","1.5512","1.5512","1.5512","","",""
"1441","0.7266","0.7266","0.7266","","",""
"1442","1.0121","1.0121","1.0121","","",""
"1443","1.345","1.345","1.345","","",""
"1444","1.2652","1.2652","1.2652","","",""
"1445","1.5677","1.5677","1.5677","","",""
"1446","1.3969","1.3969","1.3969","","",""
"1447","1.4756","1.4756","1.4756","","",""
"1448","1.4199","1.4199","1.4199","","",""
"1449","1.2985","1.2985","1.2985","","",""
"1450","1.4664","1.4664","1.4664","","",""
"1451","1.8829","1.8829","1.8829","","",""
"1452","1.3875","1.3875","1.3875","","",""
"1453","1.6757","1.6757","1.6757","","",""
"1454","0.6805","0.6805","0.6805","","",""
"1455","1.2995","1.2995","1.2995","","",""
"1456","1.2995","1.2995","1.2995","","",""
"1457","1.555","1.555","1.555","","",""
"1458","1.5336","1.5336","1.5336","","",""
"1459","1.1216","1.1216","1.1216","","",""
"1460","1.9505","1.9505","1.9505","","",""
"1461","1.1831","1.1831","1.1831","","",""
"1462","1.7218","1.7218","1.7218","","",""
"1463","1.3946","1.3946","1.3946","","",""
"1464","1.0736","1.0736","1.0736","","",""
"1465","1.8703","1.8703","1.8703","","",""
"1466","0.6016","0.6016","0.6016","","",""
"1467","0.9946","0.9946","0.9946","","",""
"1468","1.5972","1.5972","1.5972","","",""
"1469","1.6545","1.6545","1.6545","","",""
"1470","1.5562","1.5562","1.5562","","",""
"1471","1.4316","1.4316","1.4316","","",""
"1472","1.6879","1.6879","1.6879","","",""
"1473","1.4172","1.4172","1.4172","","",""
"1474","0.9453","0.9453","0.9453","","",""
"1475","1.8064","1.8064","1.8064","","",""
"1476","1.4592","1.4592","1.4592","","",""
"1477","1.4676","1.4676","1.4676","","",""
"1478","1.3014","1.3014","1.3014","","",""
"1479","1.3472","1.3472","1.3472","","",""
"1480","1.606","1.606","1.606","","",""
"1481","1.715","1.715","1.715","","",""
"1482","1.4612","1.4612","1.4612","","",""
"1483","1.5954","1.5954","1.5954","","",""
"1484","1.5922","1.5922","1.5922","","",""
"1485","1.5233","1.5233","1.5233","","",""
"1486","1.8031","1.8031","1.8031","","",""
"1487","0.9189","0.9189","0.9189","","",""
"1488","1.617","1.617","1.617","","",""
"1489","1.2764","1.2764","1.2764","","",""
"1490","0.4656","0.4656","0.4656","","",""
"1491","1.6538","1.6538","1.6538","","",""
"1492","0.8438","0.8438","0.8438","","",""
"1493","0.7418","0.7418","0.7418","","",""
"1494","1.2533","1.2533","1.2533","","",""
"1495","1.689","1.689","1.689","","",""
"1496","1.8833","1.8833","1.8833","","",""
"1497","1.4294","1.4294","1.4294","","",""
"1498","1.3499","1.3499","1.3499","","",""
"1499","1.4205","1.4205","1.4205","","",""
"1500","1.6884","1.6884","1.6884","","",""
"1501","0.5413","0.5413","0.5413","","",""
"1502","1.5589","1.5589","1.5589","","",""
"1503","2.0858","2.0858","2.0858","","",""
"1504","0.5966","0.5966","0.5966","","",""
"1505","1.6969","1.6969","1.6969","","",""
"1506","1.3432","1.3432","1.3432","","",""
"1507","1.6737","1.6737","1.6737","","",""
"1508","1.5479","1.5479","1.5479","","",""
"1509","1.6975","1.6975","1.6975","","",""
"1510","0.6679","0.6679","0.6679","","",""
"1511","1.6515","1.6515","1.6515","","",""
"1512","1.7802","1.7802","1.7802","","",""
"1513","1.5654","1.5654","1.5654","","",""
"1514","","","","1.6115214824676514","1.6115214824676514","1.6115214824676514"
"1515","1.8035","1.8035","1.8035","","",""
"1516","1.3002","1.3002","1.3002","","",""
"1517","1.6662","1.6662","1.6662","","",""
"1518","1.6185","1.6185","1.6185","","",""
"1519","1.1257","1.1257","1.1257","","",""
"1520","1.7672","1.7672","1.7672","","",""
"1521","1.4248","1.4248","1.4248","","",""
"1522","1.4896","1.4896","1.4896","","",""
"1523","1.5265","1.5265","1.5265","","",""
"1524","1.5654","1.5654","1.5654","","",""
"1525","0.589","0.589","0.589","","",""
"1526","1.3768","1.3768","1.3768","","",""
"1527","1.5877","1.5877","1.5877","","",""
"1528","0.7069","0.7069","0.7069","","",""
"1529","1.6987","1.6987","1.6987","","",""
"1530","1.3839","1.3839","1.3839","","",""
"1531","1.6171","1.6171","1.6171","","",""
"1532","0.7954","0.7954","0.7954","","",""
"1533","1.6393","1.6393","1.6393","","",""
"1534","1.3957","1.3957","1.3957","","",""
"1535","1.5105","1.5105","1.5105","","",""
"1536","1.2195","1.2195","1.2195","","",""
"1537","0.9294","0.9294","0.9294","","",""
"1538","1.4058","1.4058","1.4058","","",""
"1539","1.6097","1.6097","1.6097","","",""
"1540","1.3675","1.3675","1.3675","","",""
"1541","1.4993","1.4993","1.4993","","",""
"1542","1.6018","1.6018","1.6018","","",""
"1543","1.4978","1.4978","1.4978","","",""
"1544","1.7974","1.7974","1.7974","","",""
"1545","1.4165","1.4165","1.4165","","",""
"1546","1.5143","1.5143","1.5143","","",""
"1547","1.7247","1.7247","1.7247","","",""
"1548","0.6353","0.6353","0.6353","","",""
"1549","0.6156","0.6156","0.6156","","",""
"1550","1.5668","1.5668","1.5668","","",""
"1551","1.567","1.567","1.567","","",""
"1552","1.4427","1.4427","1.4427","","",""
"1553","1.7416","1.7416","1.7416","","",""
"1554","1.7532","1.7532","1.7532","","",""
"1555","1.5369","1.5369","1.5369","","",""
"1556","0.6401","0.6401","0.6401","","",""
"1557","1.1634","1.1634","1.1634","","",""
"1558","1.6474","1.6474","1.6474","","",""
"1559","1.1916","1.1916","1.1916","","",""
"1560","1.3176","1.3176","1.3176","","",""
"1561","1.5146","1.5146","1.5146","","",""
"1562","1.4707","1.4707","1.4707","","",""
"1563","1.3746","1.3746","1.3746","","",""
"1564","0.6044","0.6044","0.6044","","",""
"1565","1.2969","1.2969","1.2969","","",""
"1566","1.3949","1.3949","1.3949","","",""
"1567","1.3331","1.3331","1.3331","","",""
"1568","1.5619","1.5619","1.5619","","",""
"1569","1.2674","1.2674","1.2674","","",""
"1570","1.5134","1.5134","1.5134","","",""
"1571","1.1205","1.1205","1.1205","","",""
"1572","0.7864","0.7864","0.7864","","",""
"1573","1.3286","1.3286","1.3286","","",""
"1574","1.737","1.737","1.737","","",""
"1575","1.6407","1.6407","1.6407","","",""
"1576","1.7413","1.7413","1.7413","","",""
"1577","1.2449","1.2449","1.2449","","",""
"1578","1.7381","1.7381","1.7381","","",""
"1579","1.6743","1.6743","1.6743","","",""
"1580","0.6182","0.6182","0.6182","","",""
"1581","1.582","1.582","1.582","","",""
"1582","1.5407","1.5407","1.5407","","",""
"1583","1.5703","1.5703","1.5703","","",""
"1584","1.317","1.317","1.317","","",""
"1585","1.7025","1.7025","1.7025","","",""
"1586","1.4479","1.4479","1.4479","","",""
"1587","0.8616","0.8616","0.8616","","",""
"1588","1.7144","1.7144","1.7144","","",""
"1589","1.2301","1.2301","1.2301","","",""
"1590","1.0984","1.0984","1.0984","","",""
"1591","1.3254","1.3254","1.3254","","",""
"1592","1.2069","1.2069","1.2069","","",""
"1593","1.0422","1.0422","1.0422","","",""
"1594","1.7944","1.7944","1.7944","","",""
"1595","1.4876","1.4876","1.4876","","",""
"1596","1.2469","1.2469","1.2469","","",""
"1597","0.6033","0.6033","0.6033","","",""
"1598","1.1012","1.1012","1.1012","","",""
"1599","0.6779","0.6779","0.6779","","",""
"1600","1.6894","1.6894","1.6894","","",""
"1601","1.4335","1.4335","1.4335","","",""
"1602","1.6769","1.6769","1.6769","","",""
"1603","1.3353","1.3353","1.3353","","",""
"1604","1.6049","1.6049","1.6049","","",""
"1605","1.7027","1.7027","1.7027","","",""
"1606","1.1087","1.1087","1.1087","","",""
"1607","1.6313","1.6313","1.6313","","",""
"1608","1.6926","1.6926","1.6926","","",""
"1609","0.4551","0.4551","0.4551","","",""
"1610","0.6852","0.6852","0.6852","","",""
"1611","0.8194","0.8194","0.8194","","",""
"1612","1.2406","1.2406","1.2406","","",""
"1613","1.6661","1.6661","1.6661","","",""
"1614","1.9015","1.9015","1.9015","","",""
"1615","","","","1.6074081659317017","1.6074081659317017","1.6074081659317017"
"1616","1.4271","1.4271","1.4271","","",""
"1617","1.3819","1.3819","1.3819","","",""
"1618","1.4518","1.4518","1.4518","","",""
"1619","1.7759","1.7759","1.7759","","",""
"1620","1.4374","1.4374","1.4374","","",""
"1621","1.7539","1.7539","1.7539","","",""
"1622","1.2736","1.2736","1.2736","","",""
"1623","1.3892","1.3892","1.3892","","",""
"1624","1.5254","1.5254","1.5254","","",""
"1625","1.5947","1.5947","1.5947","","",""
"1626","0.78","0.78","0.78","","",""
"1627","1.6156","1.6156","1.6156","","",""
"1628","1.5237","1.5237","1.5237","","",""
"1629","1.5589","1.5589","1.5589","","",""
"1630","0.9348","0.9348","0.9348","","",""
"1631","0.6725","0.6725","0.6725","","",""
"1632","0.628","0.628","0.628","","",""
"1633","1.9957","1.9957","1.9957","","",""
"1634","1.5317","1.5317","1.5317","","",""
"1635","1.2199","1.2199","1.2199","","",""
"1636","0.6829","0.6829","0.6829","","",""
"1637","1.2443","1.2443","1.2443","","",""
"1638","1.627","1.627","1.627","","",""
"1639","1.2628","1.2628","1.2628","","",""
"1640","0.6557","0.6557","0.6557","","",""
"1641","1.5578","1.5578","1.5578","","",""
"1642","1.3252","1.3252","1.3252","","",""
"1643","1.6111","1.6111","1.6111","","",""
"1644","1.6832","1.6832","1.6832","","",""
"1645","1.4856","1.4856","1.4856","","",""
"1646","0.8466","0.8466","0.8466","","",""
"1647","1.2545","1.2545","1.2545","","",""
"1648","0.5896","0.5896","0.5896","","",""
"1649","1.6648","1.6648","1.6648","","",""
"1650","1.535","1.535","1.535","","",""
"1651","1.3438","1.3438","1.3438","","",""
"1652","1.4766","1.4766","1.4766","","",""
"1653","1.9535","1.9535","1.9535","","",""
"1654","1.3977","1.3977","1.3977","","",""
"1655","1.4707","1.4707","1.4707","","",""
"1656","1.3494","1.3494","1.3494","","",""
"1657","2.097","2.097","2.097","","",""
"1658","1.6217","1.6217","1.6217","","",""
"1659","1.1245","1.1245","1.1245","","",""
"1660","1.6287","1.6287","1.6287","","",""
"1661","0.8277","0.8277","0.8277","","",""
"1662","1.682","1.682","1.682","","",""
"1663","1.6922","1.6922","1.6922","","",""
"1664","1.3709","1.3709","1.3709","","",""
"1665","1.099","1.099","1.099","","",""
"1666","1.7522","1.7522","1.7522","","",""
"1667","0.8364","0.8364","0.8364","","",""
"1668","1.1814","1.1814","1.1814","","",""
"1669","1.5474","1.5474","1.5474","","",""
"1670","1.7397","1.7397","1.7397","","",""
"1671","0.8873","0.8873","0.8873","","",""
"1672","1.6667","1.6667","1.6667","","",""
"1673","0.8366","0.8366","0.8366","","",""
"1674","1.352","1.352","1.352","","",""
"1675","1.2175","1.2175","1.2175","","",""
"1676","1.6483","1.6483","1.6483","","",""
"1677","1.456","1.456","1.456","","",""
"1678","1.4903","1.4903","1.4903","","",""
"1679","1.2797","1.2797","1.2797","","",""
"1680","1.6333","1.6333","1.6333","","",""
"1681","1.2997","1.2997","1.2997","","",""
"1682","1.052","1.052","1.052","","",""
"1683","1.0787","1.0787","1.0787","","",""
"1684","0.8709","0.8709","0.8709","","",""
"1685","1.976","1.976","1.976","","",""
"1686","1.5198","1.5198","1.5198","","",""
"1687","1.7213","1.7213","1.7213","","",""
"1688","1.9558","1.9558","1.9558","","",""
"1689","0.7899","0.7899","0.7899","","",""
"1690","1.4027","1.4027","1.4027","","",""
"1691","0.8073","0.8073","0.8073","","",""
"1692","0.6277","0.6277","0.6277","","",""
"1693","1.4597","1.4597","1.4597","","",""
"1694","1.4016","1.4016","1.4016","","",""
"1695","0.6827","0.6827","0.6827","","",""
"1696","1.5283","1.5283","1.5283","","",""
"1697","0.8029","0.8029","0.8029","","",""
"1698","1.657","1.657","1.657","","",""
"1699","1.3656","1.3656","1.3656","","",""
"1700","1.363","1.363","1.363","","",""
"1701","0.8781","0.8781","0.8781","","",""
"1702","1.5469","1.5469","1.5469","","",""
"1703","1.4688","1.4688","1.4688","","",""
"1704","1.1803","1.1803","1.1803","","",""
"1705","2.1052","2.1052","2.1052","","",""
"1706","1.3901","1.3901","1.3901","","",""
"1707","1.4846","1.4846","1.4846","","",""
"1708","1.7058","1.7058","1.7058","","",""
"1709","0.5688","0.5688","0.5688","","",""
"1710","1.8063","1.8063","1.8063","","",""
"1711","1.5942","1.5942","1.5942","","",""
"1712","1.6623","1.6623","1.6623","","",""
"1713","1.0301","1.0301","1.0301","","",""
"1714","0.6618","0.6618","0.6618","","",""
"1715","1.5971","1.5971","1.5971","","",""
"1716","","","","1.6046358346939087","1.6046358346939087","1.6046358346939087"
"1717","1.1161","1.1161","1.1161","","",""
"1718","1.6324","1.6324","1.6324","","",""
"1719","1.5716","1.5716","1.5716","","",""
"1720","1.3657","1.3657","1.3657","","",""
"1721","1.7832","1.7832","1.7832","","",""
"1722","1.8959","1.8959","1.8959","","",""
"1723","1.5326","1.5326","1.5326","","",""
"1724","1.428","1.428","1.428","","",""
"1725","1.4485","1.4485","1.4485","","",""
"1726","1.6717","1.6717","1.6717","","",""
"1727","1.4375","1.4375","1.4375","","",""
"1728","1.6596","1.6596","1.6596","","",""
"1729","1.5326","1.5326","1.5326","","",""
"1730","1.437","1.437","1.437","","",""
"1731","1.3751","1.3751","1.3751","","",""
"1732","1.2406","1.2406","1.2406","","",""
"1733","0.7263","0.7263","0.7263","","",""
"1734","0.7946","0.7946","0.7946","","",""
"1735","0.6236","0.6236","0.6236","","",""
"1736","1.5537","1.5537","1.5537","","",""
"1737","1.7853","1.7853","1.7853","","",""
"1738","0.8506","0.8506","0.8506","","",""
"1739","1.6123","1.6123","1.6123","","",""
"1740","1.4936","1.4936","1.4936","","",""
"1741","0.9259","0.9259","0.9259","","",""
"1742","1.2836","1.2836","1.2836","","",""
"1743","1.5655","1.5655","1.5655","","",""
"1744","1.6795","1.6795","1.6795","","",""
"1745","0.9706","0.9706","0.9706","","",""
"1746","1.6293","1.6293","1.6293","","",""
"1747","1.3584","1.3584","1.3584","","",""
"1748","1.6316","1.6316","1.6316","","",""
"1749","1.6697","1.6697","1.6697","","",""
"1750","1.5265","1.5265","1.5265","","",""
"1751","1.5","1.5","1.5","","",""
"1752","1.3973","1.3973","1.3973","","",""
"1753","0.9965","0.9965","0.9965","","",""
"1754","1.4325","1.4325","1.4325","","",""
"1755","1.8069","1.8069","1.8069","","",""
"1756","1.5679","1.5679","1.5679","","",""
"1757","1.5816","1.5816","1.5816","","",""
"1758","1.3005","1.3005","1.3005","","",""
"1759","0.6794","0.6794","0.6794","","",""
"1760","1.5559","1.5559","1.5559","","",""
"1761","1.1825","1.1825","1.1825","","",""
"1762","1.7982","1.7982","1.7982","","",""
"1763","1.5621","1.5621","1.5621","","",""
"1764","1.1959","1.1959","1.1959","","",""
"1765","1.3096","1.3096","1.3096","","",""
"1766","1.4522","1.4522","1.4522","","",""
"1767","0.9183","0.9183","0.9183","","",""
"1768","1.421","1.421","1.421","","",""
"1769","1.6679","1.6679","1.6679","","",""
"1770","1.5602","1.5602","1.5602","","",""
"1771","1.921","1.921","1.921","","",""
"1772","1.7488","1.7488","1.7488","","",""
"1773","1.1892","1.1892","1.1892","","",""
"1774","1.2549","1.2549","1.2549","","",""
"1775","2.0669","2.0669","2.0669","","",""
"1776","1.3651","1.3651","1.3651","","",""
"1777","1.869","1.869","1.869","","",""
"1778","1.4609","1.4609","1.4609","","",""
"1779","1.4528","1.4528","1.4528","","",""
"1780","0.9159","0.9159","0.9159","","",""
"1781","1.9035","1.9035","1.9035","","",""
"1782","1.3916","1.3916","1.3916","","",""
"1783","0.921","0.921","0.921","","",""
"1784","1.4093","1.4093","1.4093","","",""
"1785","1.2898","1.2898","1.2898","","",""
"1786","1.3613","1.3613","1.3613","","",""
"1787","1.3337","1.3337","1.3337","","",""
"1788","1.3109","1.3109","1.3109","","",""
"1789","1.59","1.59","1.59","","",""
"1790","1.1911","1.1911","1.1911","","",""
"1791","0.891","0.891","0.891","","",""
"1792","1.8359","1.8359","1.8359","","",""
"1793","1.6958","1.6958","1.6958","","",""
"1794","1.8714","1.8714","1.8714","","",""
"1795","1.1854","1.1854","1.1854","","",""
"1796","1.6065","1.6065","1.6065","","",""
"1797","1.5444","1.5444","1.5444","","",""
"1798","1.6251","1.6251","1.6251","","",""
"1799","0.8744","0.8744","0.8744","","",""
"1800","1.6179","1.6179","1.6179","","",""
"1801","1.5413","1.5413","1.5413","","",""
"1802","1.4498","1.4498","1.4498","","",""
"1803","1.6336","1.6336","1.6336","","",""
"1804","1.6092","1.6092","1.6092","","",""
"1805","1.4018","1.4018","1.4018","","",""
"1806","1.442","1.442","1.442","","",""
"1807","0.6906","0.6906","0.6906","","",""
"1808","1.3608","1.3608","1.3608","","",""
"1809","0.9989","0.9989","0.9989","","",""
"1810","1.3085","1.3085","1.3085","","",""
"1811","1.3164","1.3164","1.3164","","",""
"1812","0.9966","0.9966","0.9966","","",""
"1813","1.3641","1.3641","1.3641","","",""
"1814","1.7152","1.7152","1.7152","","",""
"1815","1.6131","1.6131","1.6131","","",""
"1816","0.6752","0.6752","0.6752","","",""
"1817","","","","1.6025675535202026","1.6025675535202026","1.6025675535202026"
"1818","0.6719","0.6719","0.6719","","",""
"1819","1.4768","1.4768","1.4768","","",""
"1820","1.6103","1.6103","1.6103","","",""
"1821","1.4522","1.4522","1.4522","","",""
"1822","1.4111","1.4111","1.4111","","",""
"1823","1.9292","1.9292","1.9292","","",""
"1824","1.3467","1.3467","1.3467","","",""
"1825","0.8966","0.8966","0.8966","","",""
"1826","1.4183","1.4183","1.4183","","",""
"1827","1.2812","1.2812","1.2812","","",""
"1828","0.5616","0.5616","0.5616","","",""
"1829","1.0701","1.0701","1.0701","","",""
"1830","1.308","1.308","1.308","","",""
"1831","1.5949","1.5949","1.5949","","",""
"1832","1.7789","1.7789","1.7789","","",""
"1833","1.9283","1.9283","1.9283","","",""
"1834","1.5762","1.5762","1.5762","","",""
"1835","1.5448","1.5448","1.5448","","",""
"1836","0.6459","0.6459","0.6459","","",""
"1837","1.5963","1.5963","1.5963","","",""
"1838","1.6142","1.6142","1.6142","","",""
"1839","1.284","1.284","1.284","","",""
"1840","1.5725","1.5725","1.5725","","",""
"1841","1.7289","1.7289","1.7289","","",""
"1842","1.7267","1.7267","1.7267","","",""
"1843","1.6875","1.6875","1.6875","","",""
"1844","1.5787","1.5787","1.5787","","",""
"1845","1.4413","1.4413","1.4413","","",""
"1846","1.4695","1.4695","1.4695","","",""
"1847","1.3284","1.3284","1.3284","","",""
"1848","1.7613","1.7613","1.7613","","",""
"1849","0.5601","0.5601","0.5601","","",""
"1850","1.4872","1.4872","1.4872","","",""
"1851","1.3277","1.3277","1.3277","","",""
"1852","1.7034","1.7034","1.7034","","",""
"1853","1.2481","1.2481","1.2481","","",""
"1854","1.6636","1.6636","1.6636","","",""
"1855","1.58","1.58","1.58","","",""
"1856","1.5296","1.5296","1.5296","","",""
"1857","1.6398","1.6398","1.6398","","",""
"1858","1.5769","1.5769","1.5769","","",""
"1859","1.706","1.706","1.706","","",""
"1860","1.6622","1.6622","1.6622","","",""
"1861","1.5266","1.5266","1.5266","","",""
"1862","0.7067","0.7067","0.7067","","",""
"1863","1.4516","1.4516","1.4516","","",""
"1864","0.9988","0.9988","0.9988","","",""
"1865","1.4641","1.4641","1.4641","","",""
"1866","1.5314","1.5314","1.5314","","",""
"1867","1.4757","1.4757","1.4757","","",""
"1868","1.6639","1.6639","1.6639","","",""
"1869","0.8704","0.8704","0.8704","","",""
"1870","1.2971","1.2971","1.2971","","",""
"1871","1.2405","1.2405","1.2405","","",""
"1872","1.5032","1.5032","1.5032","","",""
"1873","1.2678","1.2678","1.2678","","",""
"1874","1.865","1.865","1.865","","",""
"1875","1.7068","1.7068","1.7068","","",""
"1876","1.901","1.901","1.901","","",""
"1877","1.5766","1.5766","1.5766","","",""
"1878","0.9685","0.9685","0.9685","","",""
"1879","1.3215","1.3215","1.3215","","",""
"1880","1.4007","1.4007","1.4007","","",""
"1881","0.6186","0.6186","0.6186","","",""
"1882","1.5914","1.5914","1.5914","","",""
"1883","1.1588","1.1588","1.1588","","",""
"1884","1.5216","1.5216","1.5216","","",""
"1885","1.3888","1.3888","1.3888","","",""
"1886","1.1895","1.1895","1.1895","","",""
"1887","1.4311","1.4311","1.4311","","",""
"1888","1.4902","1.4902","1.4902","","",""
"1889","1.4656","1.4656","1.4656","","",""
"1890","1.7253","1.7253","1.7253","","",""
"1891","1.6943","1.6943","1.6943","","",""
"1892","0.6978","0.6978","0.6978","","",""
"1893","0.8029","0.8029","0.8029","","",""
"1894","1.7678","1.7678","1.7678","","",""
"1895","0.926","0.926","0.926","","",""
"1896","1.6279","1.6279","1.6279","","",""
"1897","1.7191","1.7191","1.7191","","",""
"1898","1.3167","1.3167","1.3167","","",""
"1899","1.6425","1.6425","1.6425","","",""
"1900","1.8256","1.8256","1.8256","","",""
"1901","1.6828","1.6828","1.6828","","",""
"1902","1.2975","1.2975","1.2975","","",""
"1903","1.3771","1.3771","1.3771","","",""
"1904","1.6279","1.6279","1.6279","","",""
"1905","1.7167","1.7167","1.7167","","",""
"1906","1.6407","1.6407","1.6407","","",""
"1907","1.5415","1.5415","1.5415","","",""
"1908","1.3306","1.3306","1.3306","","",""
"1909","1.2464","1.2464","1.2464","","",""
"1910","1.671","1.671","1.671","","",""
"1911","1.2088","1.2088","1.2088","","",""
"1912","1.4251","1.4251","1.4251","","",""
"1913","1.6036","1.6036","1.6036","","",""
"1914","0.8351","0.8351","0.8351","","",""
"1915","1.4268","1.4268","1.4268","","",""
"1916","1.67","1.67","1.67","","",""
"1917","1.4915","1.4915","1.4915","","",""
"1918","","","","1.6010029315948486","1.6010029315948486","1.6010029315948486"
"1919","2.0082","2.0082","2.0082","","",""
"1920","1.4527","1.4527","1.4527","","",""
"1921","1.5408","1.5408","1.5408","","",""
"1922","1.4143","1.4143","1.4143","","",""
"1923","0.5483","0.5483","0.5483","","",""
"1924","1.6341","1.6341","1.6341","","",""
"1925","0.9354","0.9354","0.9354","","",""
"1926","1.3896","1.3896","1.3896","","",""
"1927","0.6281","0.6281","0.6281","","",""
"1928","1.7736","1.7736","1.7736","","",""
"1929","1.0674","1.0674","1.0674","","",""
"1930","1.3958","1.3958","1.3958","","",""
"1931","1.2138","1.2138","1.2138","","",""
"1932","1.1465","1.1465","1.1465","","",""
"1933","1.4781","1.4781","1.4781","","",""
"1934","1.6406","1.6406","1.6406","","",""
"1935","0.5203","0.5203","0.5203","","",""
"1936","1.4439","1.4439","1.4439","","",""
"1937","0.8947","0.8947","0.8947","","",""
"1938","1.8548","1.8548","1.8548","","",""
"1939","1.5175","1.5175","1.5175","","",""
"1940","1.2317","1.2317","1.2317","","",""
"1941","1.4767","1.4767","1.4767","","",""
"1942","1.6045","1.6045","1.6045","","",""
"1943","1.5566","1.5566","1.5566","","",""
"1944","1.4046","1.4046","1.4046","","",""
"1945","0.9285","0.9285","0.9285","","",""
"1946","1.3986","1.3986","1.3986","","",""
"1947","0.6355","0.6355","0.6355","","",""
"1948","1.8814","1.8814","1.8814","","",""
"1949","1.4234","1.4234","1.4234","","",""
"1950","1.5866","1.5866","1.5866","","",""
"1951","1.2533","1.2533","1.2533","","",""
"1952","1.584","1.584","1.584","","",""
"1953","1.5937","1.5937","1.5937","","",""
"1954","1.5097","1.5097","1.5097","","",""
"1955","0.9766","0.9766","0.9766","","",""
"1956","0.535","0.535","0.535","","",""
"1957","0.9312","0.9312","0.9312","","",""
"1958","1.1741","1.1741","1.1741","","",""
"1959","1.3544","1.3544","1.3544","","",""
"1960","2.098","2.098","2.098","","",""
"1961","1.2524","1.2524","1.2524","","",""
"1962","1.8282","1.8282","1.8282","","",""
"1963","1.2133","1.2133","1.2133","","",""
"1964","1.3347","1.3347","1.3347","","",""
"1965","1.6028","1.6028","1.6028","","",""
"1966","1.3378","1.3378","1.3378","","",""
"1967","1.6438","1.6438","1.6438","","",""
"1968","1.2469","1.2469","1.2469","","",""
"1969","1.5596","1.5596","1.5596","","",""
"1970","1.5189","1.5189","1.5189","","",""
"1971","1.549","1.549","1.549","","",""
"1972","1.8248","1.8248","1.8248","","",""
"1973","1.5012","1.5012","1.5012","","",""
"1974","1.561","1.561","1.561","","",""
"1975","1.3373","1.3373","1.3373","","",""
"1976","1.6095","1.6095","1.6095","","",""
"1977","1.6411","1.6411","1.6411","","",""
"1978","1.3929","1.3929","1.3929","","",""
"1979","1.312","1.312","1.312","","",""
"1980","2.0343","2.0343","2.0343","","",""
"1981","0.5758","0.5758","0.5758","","",""
"1982","1.7089","1.7089","1.7089","","",""
"1983","1.4045","1.4045","1.4045","","",""
"1984","1.4377","1.4377","1.4377","","",""
"1985","1.4109","1.4109","1.4109","","",""
"1986","0.9418","0.9418","0.9418","","",""
"1987","1.6492","1.6492","1.6492","","",""
"1988","1.3395","1.3395","1.3395","","",""
"1989","1.5668","1.5668","1.5668","","",""
"1990","1.1306","1.1306","1.1306","","",""
"1991","1.4402","1.4402","1.4402","","",""
"1992","1.6066","1.6066","1.6066","","",""
"1993","1.3962","1.3962","1.3962","","",""
"1994","1.3507","1.3507","1.3507","","",""
"1995","1.4025","1.4025","1.4025","","",""
"1996","0.6412","0.6412","0.6412","","",""
"1997","0.9169","0.9169","0.9169","","",""
"1998","1.1418","1.1418","1.1418","","",""
"1999","1.5719","1.5719","1.5719","","",""
"2000","1.5375","1.5375","1.5375","","",""
"2001","0.8797","0.8797","0.8797","","",""
"2002","0.6778","0.6778","0.6778","","",""
"2003","1.5104","1.5104","1.5104","","",""
"2004","1.4666","1.4666","1.4666","","",""
"2005","1.3998","1.3998","1.3998","","",""
"2006","1.1925","1.1925","1.1925","","",""
"2007","1.5009","1.5009","1.5009","","",""
"2008","0.8837","0.8837","0.8837","","",""
"2009","1.8213","1.8213","1.8213","","",""
"2010","1.5084","1.5084","1.5084","","",""
"2011","1.4086","1.4086","1.4086","","",""
"2012","1.8181","1.8181","1.8181","","",""
"2013","1.4174","1.4174","1.4174","","",""
"2014","1.2934","1.2934","1.2934","","",""
"2015","1.5645","1.5645","1.5645","","",""
"2016","0.9161","0.9161","0.9161","","",""
"2017","0.7415","0.7415","0.7415","","",""
"2018","0.6","0.6","0.6","","",""
"2019","","","","1.6005362272262573","1.6005362272262573","1.6005362272262573"